{"version":{"json_export":"171","page_segmentation":"52","schema":"1.0.0","structure":"1.939.0","table_structure":"5"},"extended_metadata":{"ID_instance":"56 6E B6 11 78 B2 B2 11 0A 00 67 45 8B 6B C6 23 ","ID_permanent":"38 39 20 32 46 20 42 32 20 31 31 20 37 38 20 42 32 20 42 32 20 31 31 20 30 41 20 30 30 20 36 37 20 34 35 20 38 42 20 36 42 20 43 36 20 32 33 20 ","pdf_version":"1.6","pdfa_compliance_level":"","is_encrypted":false,"has_acroform":false,"is_digitally_signed":false,"pdfua_compliance_level":"","page_count":12,"has_embedded_files":false,"is_certified":false,"is_XFA":false,"language":""},"elements":[{"Bounds":[21.600006103515625,738.6799926757812,434.2000732421875,750.7400054931641],"Font":{"alt_family_name":"Verdana","embedded":false,"encoding":"WinAnsiEncoding","family_name":"Verdana","font_type":"TrueType","italic":false,"monospaced":false,"name":"Verdana","subset":false,"weight":400},"HasClip":false,"Page":0,"Path":"//Document/P/Sub","Text":"This article was downloaded by: [UZH Hauptbibliothek / Zentralbibliothek Zürich] ","TextSize":10,"attributes":{"Placement":"Block"}},{"Bounds":[21.600006103515625,726.6799926757812,187.63006591796875,738.7400054931641],"Font":{"alt_family_name":"Verdana","embedded":false,"encoding":"WinAnsiEncoding","family_name":"Verdana","font_type":"TrueType","italic":false,"monospaced":false,"name":"Verdana","subset":false,"weight":400},"HasClip":false,"Page":0,"Path":"//Document/P/Sub[2]","Text":"On: 06 January 2015, At: 03:39 ","TextSize":10,"attributes":{"Placement":"Block"}},{"Bounds":[21.600006103515625,714.6799926757812,129.07992553710938,726.7400054931641],"Font":{"alt_family_name":"Verdana","embedded":false,"encoding":"WinAnsiEncoding","family_name":"Verdana","font_type":"TrueType","italic":false,"monospaced":false,"name":"Verdana","subset":false,"weight":400},"HasClip":false,"Page":0,"Path":"//Document/P/Sub[3]","Text":"Publisher: Routledge ","TextSize":10,"attributes":{"Placement":"Block"}},{"Bounds":[21.600006103515625,690.6799926757812,496.52000427246094,714.7400054931641],"Font":{"alt_family_name":"Verdana","embedded":false,"encoding":"WinAnsiEncoding","family_name":"Verdana","font_type":"TrueType","italic":false,"monospaced":false,"name":"Verdana","subset":false,"weight":400},"HasClip":false,"Lang":"en","Page":0,"Path":"//Document/P[2]","Text":"Informa Ltd Registered in England and Wales Registered Number: 1072954 Registered office: Mortimer House, 37-41 Mortimer Street, London W1T 3JH, UK ","TextSize":10,"attributes":{"LineHeight":12,"SpaceAfter":18}},{"Bounds":[21.600006103515625,490.3949890136719,144,663.9799957275391],"Page":0,"Path":"//Document/Figure","attributes":{"BBox":[21.599099999999453,490.4509999999864,143.99399999999878,663.9639999999781],"Placement":"Block"}},{"Bounds":[172.8000030517578,647.6199951171875,410.8480987548828,667.60400390625],"Font":{"alt_family_name":"Trebuchet MS","embedded":false,"encoding":"WinAnsiEncoding","family_name":"Trebuchet MS","font_type":"TrueType","italic":false,"monospaced":false,"name":"TrebuchetMS-Bold","subset":false,"weight":700},"HasClip":false,"Lang":"en","Page":0,"Path":"//Document/H1","Text":"Singapore Journal of Education ","TextSize":16,"attributes":{"LineHeight":19.25}},{"Bounds":[172.8000030517578,611.3000030517578,490.26002502441406,647.3399963378906],"Font":{"alt_family_name":"Trebuchet MS","embedded":false,"encoding":"WinAnsiEncoding","family_name":"Trebuchet MS","font_type":"TrueType","italic":false,"monospaced":false,"name":"TrebuchetMS","subset":false,"weight":400},"HasClip":false,"Lang":"en","Page":0,"Path":"//Document/P[3]","Text":"Publication details, including instructions for authors and subscription information: http://www.tandfonline.com/loi/cape19 ","TextSize":10,"attributes":{"LineHeight":12,"SpaceAfter":6}},{"Bounds":[172.8000030517578,565.2200012207031,473.6000518798828,604.4040069580078],"Font":{"alt_family_name":"Trebuchet MS","embedded":false,"encoding":"WinAnsiEncoding","family_name":"Trebuchet MS","font_type":"TrueType","italic":false,"monospaced":false,"name":"TrebuchetMS-Bold","subset":false,"weight":700},"HasClip":false,"Lang":"en","Page":0,"Path":"//Document/H1[2]","Text":"Metacognition in Mathematical Problem Solving ","TextSize":16,"attributes":{"LineHeight":19.25}},{"Bounds":[172.8000030517578,552.8999938964844,227.50003051757812,564.9400024414062],"Font":{"alt_family_name":"Trebuchet MS","embedded":false,"encoding":"WinAnsiEncoding","family_name":"Trebuchet MS","font_type":"TrueType","italic":false,"monospaced":false,"name":"TrebuchetMS","subset":false,"weight":400},"HasClip":false,"Page":0,"Path":"//Document/P[4]/Sub","Text":"Philip Wong ","TextSize":10,"attributes":{"Placement":"Block"}},{"Bounds":[172.8000030517578,540.8999938964844,313.28004455566406,552.9400024414062],"Font":{"alt_family_name":"Trebuchet MS","embedded":false,"encoding":"WinAnsiEncoding","family_name":"Trebuchet MS","font_type":"TrueType","italic":false,"monospaced":false,"name":"TrebuchetMS","subset":false,"weight":400},"HasClip":false,"Page":0,"Path":"//Document/P[4]/Sub[2]","Text":"Published online: 13 Mar 2008. ","TextSize":10,"attributes":{"Placement":"Block"}},{"Bounds":[21.600006103515625,438.96099853515625,500.50001525878906,463.38099670410156],"Font":{"alt_family_name":"Trebuchet MS","embedded":false,"encoding":"WinAnsiEncoding","family_name":"Trebuchet MS","font_type":"TrueType","italic":false,"monospaced":false,"name":"TrebuchetMS","subset":false,"weight":400},"HasClip":false,"Lang":"en","Page":0,"Path":"//Document/Aside/P","Text":"To cite this article: Philip Wong (1992) Metacognition in Mathematical Problem Solving, Singapore Journal of Education, 12:2, 48-58, DOI: 10.1080/02188799208547691 ","TextSize":10,"attributes":{"LineHeight":12,"SpaceAfter":8}},{"Bounds":[21.600006103515625,418.89100646972656,344.90997314453125,431.38099670410156],"Font":{"alt_family_name":"Trebuchet MS","embedded":false,"encoding":"WinAnsiEncoding","family_name":"Trebuchet MS","font_type":"TrueType","italic":false,"monospaced":false,"name":"TrebuchetMS","subset":false,"weight":400},"HasClip":false,"Lang":"en","Page":0,"Path":"//Document/Aside/P[2]","Text":"To link to this article: http://dx.doi.org/10.1080/02188799208547691 ","TextSize":10,"attributes":{"LineHeight":12,"SpaceAfter":18}},{"Bounds":[21.600006103515625,375.64100646972656,212.949951171875,387.7010040283203],"Font":{"alt_family_name":"Verdana","embedded":false,"encoding":"WinAnsiEncoding","family_name":"Verdana","font_type":"TrueType","italic":false,"monospaced":false,"name":"Verdana","subset":false,"weight":400},"HasClip":false,"Lang":"en","Page":0,"Path":"//Document/H1[3]","Text":"PLEASE SCROLL DOWN FOR ARTICLE ","TextSize":10,"attributes":{"LineHeight":12,"SpaceAfter":13.75}},{"Bounds":[21.600006103515625,241.89100646972656,504.21002197265625,361.9510040283203],"Font":{"alt_family_name":"Verdana","embedded":false,"encoding":"WinAnsiEncoding","family_name":"Verdana","font_type":"TrueType","italic":false,"monospaced":false,"name":"Verdana","subset":false,"weight":400},"HasClip":false,"Lang":"en","Page":0,"Path":"//Document/Aside[2]/P","Text":"Taylor & Francis makes every effort to ensure the accuracy of all the information (the •Content•) contained in the publications on our platform. However, Taylor & Francis, our agents, and our licensors make no representations or warranties whatsoever as to the accuracy, completeness, or suitability for any purpose of the Content. Any opinions and views expressed in this publication are the opinions and views of the authors, and are not the views of or endorsed by Taylor & Francis. The accuracy of the Content should not be relied upon and should be independently verified with primary sources of information. Taylor and Francis shall not be liable for any losses, actions, claims, proceedings, demands, costs, expenses, damages, and other liabilities whatsoever or howsoever caused arising directly or indirectly in connection with, in relation to or arising out of the use of the Content. ","TextSize":10,"attributes":{"LineHeight":12,"SpaceAfter":8}},{"Bounds":[21.600006103515625,185.89100646972656,497.9100036621094,233.9510040283203],"Font":{"alt_family_name":"Verdana","embedded":false,"encoding":"WinAnsiEncoding","family_name":"Verdana","font_type":"TrueType","italic":false,"monospaced":false,"name":"Verdana","subset":false,"weight":400},"HasClip":false,"Lang":"en","Page":0,"Path":"//Document/Aside[2]/P[2]","Text":"This article may be used for research, teaching, and private study purposes. Any substantial or systematic reproduction, redistribution, reselling, loan, sub-licensing, systematic supply, or distribution in any form to anyone is expressly forbidden. Terms & Conditions of access and use can be found at http://www.tandfonline.com/page/terms-and-conditions ","TextSize":10,"attributes":{"LineHeight":12}},{"Bounds":[24.133102416992188,33.31829833984375,527.8930969238281,743.4783020019531],"Page":2,"Path":"//Document/Figure[2]","attributes":{"BBox":[24.118999999999687,33.38999999999942,523.4189999999944,743.5209999999788],"Placement":"Block"}},{"Bounds":[25.763504028320312,32.7095947265625,524.4835052490234,739.2696075439453],"Page":4,"Path":"//Document/Figure[3]","attributes":{"BBox":[25.798999999999978,32.789999999999054,523.4189999999944,739.3209999999963],"Placement":"Block"}},{"Bounds":[0.046295166015625,32.7095947265625,499.2463073730469,739.5095977783203],"Page":5,"Path":"//Document/Figure[4]","attributes":{"BBox":[0,32.789999999999054,499.179999999993,739.560999999987],"Placement":"Block"}},{"Bounds":[25.763504028320312,32.7095947265625,524.7234954833984,739.5095977783203],"Page":6,"Path":"//Document/Figure[5]","attributes":{"BBox":[25.798999999999978,32.789999999999054,523.4189999999944,739.560999999987],"Placement":"Block"}},{"Bounds":[-70.97123718261719,-144.72979736328125,605.8343963623047,791.8812103271484],"Page":7,"Path":"//Document/Figure[6]","attributes":{"BBox":[0,0.031310999999998756,523.4189999999944,769.679999999993],"Placement":"Block"}},{"Bounds":[26.8721923828125,30.839996337890625,527.9922027587891,739.0800018310547],"Page":8,"Path":"//Document/Figure[7]","attributes":{"BBox":[26.878899999999703,30.870099999999184,523.4189999999944,739.0809999999765],"Placement":"Block"}},{"Bounds":[32.2200927734375,33.0791015625,531.6600952148438,740.1190948486328],"Page":10,"Path":"//Document/Figure[8]","attributes":{"BBox":[32.278699999998935,33.149999999999636,523.4189999999944,740.1609999999928],"Placement":"Block"}}],"pages":[{"boxes":{"CropBox":[0,0,523.4400024414062,769.6799926757812],"MediaBox":[0,0,523.4400024414062,769.6799926757812]},"height":769.6799926757812,"page_number":0,"rotation":0,"width":523.4400024414062},{"boxes":{"CropBox":[0,0,523.4400024414062,769.6799926757812],"MediaBox":[0,0,523.4400024414062,769.6799926757812]},"height":769.6799926757812,"page_number":1,"rotation":0,"width":523.4400024414062},{"boxes":{"CropBox":[0,0,523.4400024414062,769.6799926757812],"MediaBox":[0,0,523.4400024414062,769.6799926757812]},"height":769.6799926757812,"page_number":2,"rotation":0,"width":523.4400024414062},{"boxes":{"CropBox":[0,0,523.4400024414062,769.6799926757812],"MediaBox":[0,0,523.4400024414062,769.6799926757812]},"height":769.6799926757812,"page_number":3,"rotation":0,"width":523.4400024414062},{"boxes":{"CropBox":[0,0,523.4400024414062,769.6799926757812],"MediaBox":[0,0,523.4400024414062,769.6799926757812]},"height":769.6799926757812,"page_number":4,"rotation":0,"width":523.4400024414062},{"boxes":{"CropBox":[0,0,523.4400024414062,769.6799926757812],"MediaBox":[0,0,523.4400024414062,769.6799926757812]},"height":769.6799926757812,"page_number":5,"rotation":0,"width":523.4400024414062},{"boxes":{"CropBox":[0,0,523.4400024414062,769.6799926757812],"MediaBox":[0,0,523.4400024414062,769.6799926757812]},"height":769.6799926757812,"page_number":6,"rotation":0,"width":523.4400024414062},{"boxes":{"CropBox":[0,0,523.4400024414062,769.6799926757812],"MediaBox":[0,0,523.4400024414062,769.6799926757812]},"height":769.6799926757812,"page_number":7,"rotation":0,"width":523.4400024414062},{"boxes":{"CropBox":[0,0,523.4400024414062,769.6799926757812],"MediaBox":[0,0,523.4400024414062,769.6799926757812]},"height":769.6799926757812,"page_number":8,"rotation":0,"width":523.4400024414062},{"boxes":{"CropBox":[0,0,523.4400024414062,769.6799926757812],"MediaBox":[0,0,523.4400024414062,769.6799926757812]},"height":769.6799926757812,"page_number":9,"rotation":0,"width":523.4400024414062},{"boxes":{"CropBox":[0,0,523.4400024414062,769.6799926757812],"MediaBox":[0,0,523.4400024414062,769.6799926757812]},"height":769.6799926757812,"page_number":10,"rotation":0,"width":523.4400024414062},{"boxes":{"CropBox":[0,0,523.4400024414062,769.6799926757812],"MediaBox":[0,0,523.4400024414062,769.6799926757812]},"height":769.6799926757812,"page_number":11,"rotation":0,"width":523.4400024414062}]}