{"version":{"json_export":"171","page_segmentation":"52","schema":"1.0.0","structure":"1.939.0","table_structure":"5"},"extended_metadata":{"ID_instance":"35 15 F8 F2 7B B2 B2 11 0A 00 67 45 8B 6B C6 23 ","ID_permanent":"32 46 20 37 42 20 46 35 20 46 32 20 37 42 20 42 32 20 42 32 20 31 31 20 30 41 20 30 30 20 36 37 20 34 35 20 38 42 20 36 42 20 43 36 20 32 33 20 ","pdf_version":"1.6","pdfa_compliance_level":"","is_encrypted":false,"has_acroform":false,"is_digitally_signed":false,"pdfua_compliance_level":"","page_count":6,"has_embedded_files":false,"is_certified":false,"is_XFA":false,"language":""},"elements":[{"Bounds":[43.93699645996094,646.2830047607422,97.75700378417969,705.8269958496094],"ClipBounds":[43.93699645996094,646.2830047607422,97.75700378417969,705.8269958496094],"Page":0,"Path":"//Document/Figure","attributes":{"BBox":[43.91819999999825,646.289999999979,97.67599999999948,705.8069999999716],"Placement":"Block"}},{"Bounds":[144.32290649414062,697.047607421875,316.6216278076172,707.1546020507812],"ClipBounds":[144.32290649414062,697.047607421875,316.6216278076172,707.1546020507812],"Font":{"alt_family_name":"Arial","embedded":true,"encoding":"WinAnsiEncoding","family_name":"Arial MT","font_type":"Type1","italic":false,"monospaced":false,"name":"EDOJMD+ArialMT","subset":true,"weight":400},"HasClip":false,"Lang":"en","Page":0,"Path":"//Document/P","Text":"Available online at www.sciencedirect.com ","TextSize":9,"attributes":{"LineHeight":10.75,"SpaceAfter":7.25}},{"Bounds":[159.656005859375,670.9349975585938,297.8889923095703,694.2530059814453],"ClipBounds":[159.656005859375,671.3790283203125,297.8889923095703,694.2530059814453],"Page":0,"Path":"//Document/Figure[2]","attributes":{"BBox":[160.9129999999932,672.0889999999781,297.7079999999987,693.9279999999853],"Placement":"Block"}},{"Bounds":[128.3730010986328,644.5550994873047,332.0457458496094,653.4830932617188],"Font":{"alt_family_name":"Titlingmes","embedded":true,"encoding":"WinAnsiEncoding","family_name":"Titlingmes","font_type":"Type1","italic":false,"monospaced":false,"name":"EDOKIM+Times-Roman","subset":true,"weight":400},"HasClip":false,"Lang":"en","Page":0,"Path":"//Document/P[2]","Text":"Procedia Social and Behavioral Sciences 15 (2011) 3731–3736 ","TextSize":8,"attributes":{"LineHeight":9.625,"SpaceAfter":18}},{"Bounds":[360.9290008544922,646.2830047607422,520.6790008544922,705.8269958496094],"ClipBounds":[360.9290008544922,646.2830047607422,520.6790008544922,705.8269958496094],"Page":0,"Path":"//Document/Figure[3]","attributes":{"BBox":[360.94499999999243,646.289999999979,520.6589999999851,705.8069999999716],"Placement":"Block"}},{"Bounds":[249.77000427246094,595.0301971435547,314.10191345214844,608.5661926269531],"Font":{"alt_family_name":"Titlingmes New Roman PSMT","embedded":true,"encoding":"WinAnsiEncoding","family_name":"Titlingmes New Roman PSMT","font_type":"Type1","italic":false,"monospaced":false,"name":"EDOLOM+TimesNewRomanPSMT","subset":true,"weight":400},"HasClip":false,"Lang":"en","Page":0,"Path":"//Document/P[3]","Text":"WCES-2011 ","TextSize":12,"attributes":{"LineHeight":14.375,"SpaceAfter":10.75,"TextAlign":"Center"}},{"Bounds":[83.68980407714844,562.5713500976562,481.17955017089844,581.7913360595703],"Font":{"alt_family_name":"Titlingmes New Roman PSMT","embedded":true,"encoding":"WinAnsiEncoding","family_name":"Titlingmes New Roman PSMT","font_type":"Type1","italic":false,"monospaced":false,"name":"EDOLOM+TimesNewRomanPSMT","subset":true,"weight":400},"HasClip":false,"Lang":"en","Page":0,"Path":"//Document/Title","Text":"Literature Review on Metacognition and its Measurement ","TextSize":17.03900146484375,"attributes":{"LineHeight":20.5,"SpaceAfter":12.25,"TextAlign":"Center"}},{"Bounds":[179.69000244140625,535.7521057128906,383.5090026855469,552.3672943115234],"Font":{"alt_family_name":"Titlingmes New Roman PSMT","embedded":true,"encoding":"WinAnsiEncoding","family_name":"Titlingmes New Roman PSMT","font_type":"Type1","italic":false,"monospaced":false,"name":"EDOLOM+TimesNewRomanPSMT","subset":true,"weight":400},"HasClip":false,"Lang":"en","Page":0,"Path":"//Document/P[4]","Text":"Ahmet Oguz Akturk a *, Ismail Sahin b ","TextSize":8.399993896484375,"attributes":{"LineHeight":15.5,"SpaceAfter":9.5,"TextAlign":"Center"}},{"Bounds":[128.56900024414062,518.0533447265625,436.3818359375,528.0078125],"Font":{"alt_family_name":"Titlingmes New Roman PS","embedded":true,"encoding":"WinAnsiEncoding","family_name":"Titlingmes New Roman PS","font_type":"Type1","italic":true,"monospaced":false,"name":"EDOMAP+TimesNewRomanPS-ItalicMT","subset":true,"weight":400},"HasClip":false,"Lang":"en","Page":0,"Path":"//Document/Footnote","Text":"aErmenek Community College, Karamanoglu Mehmetbey University, Karaman, 70400, Turkey  ","TextSize":7.91900634765625,"attributes":{"LineHeight":6}},{"Bounds":[153.76800537109375,508.2133483886719,409.4956512451172,518.1679229736328],"Font":{"alt_family_name":"Titlingmes New Roman PS","embedded":true,"encoding":"WinAnsiEncoding","family_name":"Titlingmes New Roman PS","font_type":"Type1","italic":true,"monospaced":false,"name":"EDOMAP+TimesNewRomanPS-ItalicMT","subset":true,"weight":400},"HasClip":false,"Lang":"en","Page":0,"Path":"//Document/Footnote[2]","Text":"bAhmet Kelesoglu Education Faculty, Selcuk University, Konya, 42090, Turkey ","TextSize":7.91900634765625,"attributes":{"LineHeight":6,"SpaceAfter":18}},{"Bounds":[46.7279052734375,466.6333465576172,82.41258239746094,477.0198974609375],"Font":{"alt_family_name":"Titlingmes New Roman PS","embedded":true,"encoding":"WinAnsiEncoding","family_name":"Titlingmes New Roman PS","font_type":"Type1","italic":false,"monospaced":false,"name":"EDOMBA+TimesNewRomanPS-BoldMT","subset":true,"weight":700},"HasClip":false,"Lang":"en","Page":0,"Path":"//Document/H1","Text":"Abstract ","TextSize":9.119003295898438,"attributes":{"LineHeight":11,"SpaceAfter":11.25}},{"Bounds":[46.73089599609375,379.2654266357422,518.9873199462891,454.83457946777344],"Font":{"alt_family_name":"Titlingmes New Roman PSMT","embedded":true,"encoding":"WinAnsiEncoding","family_name":"Titlingmes New Roman PSMT","font_type":"Type1","italic":false,"monospaced":false,"name":"EDOLOM+TimesNewRomanPSMT","subset":true,"weight":400},"HasClip":false,"Lang":"en","Page":0,"Path":"//Document/P[5]","Text":"Metacognition is a structure that is referred as fuzzy by many scholars and has very diverse meanings. Much research has been conducted for more than 30 years in order to access the inner side of this structure, which is really hard to grasp. In this paper, the review of literature aims to reveal the theoretical and educational structure of the concept of metacognition chiefly on the basis of the relevant research. Then, an attempt will be made to determine the difference between cognition and metacognition. Finally, difficulties that are encountered in the measurement of metacognition and the methods and tools that will be used in the measurement of metacognition will be determined. © 2011 Published by Elsevier Ltd. ","TextSize":9.119003295898438,"attributes":{"LineHeight":10.875,"SpaceAfter":10.625}},{"Bounds":[46.73089599609375,359.4124450683594,272.42706298828125,368.34507751464844],"Font":{"alt_family_name":"Titlingmes New Roman PS","embedded":true,"encoding":"WinAnsiEncoding","family_name":"Titlingmes New Roman PS","font_type":"Type1","italic":true,"monospaced":false,"name":"EDOMAP+TimesNewRomanPS-ItalicMT","subset":true,"weight":400},"HasClip":false,"Lang":"en","Page":0,"Path":"//Document/P[6]","Text":"Keywords: Cognition, metacognition, measurement of metacognition; ","TextSize":7.91900634765625,"attributes":{"LineHeight":9.5,"SpaceAfter":18}},{"Bounds":[46.73089599609375,314.94810485839844,113.80561828613281,326.42921447753906],"Font":{"alt_family_name":"Titlingmes New Roman PS","embedded":true,"encoding":"WinAnsiEncoding","family_name":"Titlingmes New Roman PS","font_type":"Type1","italic":false,"monospaced":false,"name":"EDOMBA+TimesNewRomanPS-BoldMT","subset":true,"weight":700},"HasClip":false,"Lang":"en","Page":0,"Path":"//Document/H1[2]","Text":"1. Introduction ","TextSize":10.080001831054688,"attributes":{"LineHeight":12.125,"SpaceAfter":12}},{"Bounds":[46.73089599609375,194.98602294921875,521.3984375,302.31785583496094],"Font":{"alt_family_name":"Titlingmes New Roman PSMT","embedded":true,"encoding":"WinAnsiEncoding","family_name":"Titlingmes New Roman PSMT","font_type":"Type1","italic":false,"monospaced":false,"name":"EDOLOM+TimesNewRomanPSMT","subset":true,"weight":400},"HasClip":false,"Lang":"en","Page":0,"Path":"//Document/P[7]","Text":"Metacognition is a structure that is referred as fuzzy by many scholars and has very diverse meanings. Much research has been conducted for more than 30 years in order to access the inner side of this structure, which is really hard to grasp. The roots of present metacognition studies are based on cognitive psychology (Hart, 1965; Peters 2007), on cognitive development psychology (Piaget, 1950; Steinbach 2008), and on social development psychology (Tsai 2001; Vygotsky, 1962). Hart (1965) was concerned with the correctness of the judgments that adults made about memory which reveals valid predictors of behaviour (Peters, 2007). Piaget (1950), on the other hand, was the one who first mentioned “knowing the knowing and thinking the thinking” in the early years of cognitive development and personal information epistemology (Steinbach, 2008). Vygotsky (1962) maintained that consciousness and conscious control were basic contributors during school years (Tsai, 2001). ","TextSize":10.080001831054688,"attributes":{"LineHeight":12,"TextAlign":"Justify"}},{"Bounds":[46.73089599609375,135.01002502441406,519.5169830322266,194.36105346679688],"Font":{"alt_family_name":"Titlingmes New Roman PSMT","embedded":true,"encoding":"WinAnsiEncoding","family_name":"Titlingmes New Roman PSMT","font_type":"Type1","italic":false,"monospaced":false,"name":"EDOLOM+TimesNewRomanPSMT","subset":true,"weight":400},"HasClip":false,"Lang":"en","Page":0,"Path":"//Document/P[8]","Text":"According to Georghiades (2004), being aware of one’s cognition was already been mentioned by Plato. Likewise, Aristotle pointed out that mind used a different power above and beyond seeing and hearing and thus laid the foundations for thinking about metacognition long before (Sandí-Ureña, 2008). However, John Flavell (1976) is known to be the first scholar who used the concept of metacognition, a term he derived from the term metamemory and he used in his initial works in the early 1970s. ","TextSize":10.080001831054688,"attributes":{"LineHeight":12,"SpaceAfter":18,"TextAlign":"Justify"}},{"Bounds":[58.73089599609375,69.01394653320312,289.1670837402344,87.781982421875],"Font":{"alt_family_name":"Titlingmes New Roman PSMT","embedded":true,"encoding":"WinAnsiEncoding","family_name":"Titlingmes New Roman PSMT","font_type":"Type1","italic":false,"monospaced":false,"name":"EDOLOM+TimesNewRomanPSMT","subset":true,"weight":400},"HasClip":false,"Lang":"en","Page":0,"Path":"//Document/Footnote[3]","Text":"* Ahmet Oguz Akturk. Tel.: +90 338 716 5450; fax: +90 338 716 5452 E-mail address: aoakturk@kmu.edu.tr ","TextSize":7.91900634765625,"attributes":{"LineHeight":9.875,"SpaceAfter":9}},{"Bounds":[44.771697998046875,40.3031005859375,195.44444274902344,59.23109436035156],"Font":{"alt_family_name":"Titlingmes","embedded":true,"encoding":"WinAnsiEncoding","family_name":"Titlingmes","font_type":"Type1","italic":false,"monospaced":false,"name":"EDOKIM+Times-Roman","subset":true,"weight":400},"HasClip":false,"Lang":"en","Page":0,"Path":"//Document/P[9]","Text":"1877–0428 © 2011 Published by Elsevier Ltd. doi:10.1016/j.sbspro.2011.04.364 ","TextSize":8,"attributes":{"LineHeight":10}},{"Bounds":[44.012603759765625,664.4400024414062,118.239990234375,675.9211273193359],"Font":{"alt_family_name":"Titlingmes New Roman PS","embedded":true,"encoding":"WinAnsiEncoding","family_name":"Titlingmes New Roman PS","font_type":"Type1","italic":false,"monospaced":false,"name":"EDOMBA+TimesNewRomanPS-BoldMT","subset":true,"weight":700},"HasClip":false,"Lang":"en","Page":1,"Path":"//Document/H1[3]","Text":"2. Metacognition ","TextSize":10.080001831054688,"attributes":{"LineHeight":12.125,"SpaceAfter":12}},{"Bounds":[44.022674560546875,580.4635162353516,515.8992462158203,651.8097534179688],"Font":{"alt_family_name":"Titlingmes New Roman PSMT","embedded":true,"encoding":"WinAnsiEncoding","family_name":"Titlingmes New Roman PSMT","font_type":"Type1","italic":false,"monospaced":false,"name":"EDOLOM+TimesNewRomanPSMT","subset":true,"weight":400},"HasClip":false,"Lang":"en","Page":1,"Path":"//Document/P[10]","Text":"Various words that are synonymous with metacognition have been in use in recent years. According to reports cited by Steinbach (2008), while some researchers use the word self-management for metacognition (O’Neil & Speilberger, 1979), others prefer the words metamentation (Bogdan, 2000) or meta-learning (Cross & Steanmand, 1996). Likewise, Veenman, Van Hout-Wolters and Afflerbach (2006) state some different terms used in the relevant literature in connection with metacognition such as metacognitive beliefs, executive skills, metacomponents and judgments of learning. ","TextSize":10.080001831054688,"attributes":{"LineHeight":12,"TextAlign":"Justify"}},{"Bounds":[44.022674560546875,508.49232482910156,516.4232330322266,579.8385620117188],"Font":{"alt_family_name":"Titlingmes New Roman PSMT","embedded":true,"encoding":"WinAnsiEncoding","family_name":"Titlingmes New Roman PSMT","font_type":"Type1","italic":false,"monospaced":false,"name":"EDOLOM+TimesNewRomanPSMT","subset":true,"weight":400},"HasClip":false,"Lang":"en","Page":1,"Path":"//Document/P[11]","Text":"Today, metacognition is used as an umbrella term encompassing the structures that are related to individuals’ thinking processes and information (Leader, 2008). Although various definitions are encountered in the relevant literature, probably the most common definition of metacognition is that metacognition is individuals’ having information about their cognitive structure and being able to organize this structure (Flavell, 1979; Wellman, 1985; Brown, 1987; Jacobs and Paris, 1987; Schraw, 1994; Livingston, 1997; Dunlosky and Hertzog, 2000; Georghiades, 2004). ","TextSize":10.080001831054688,"attributes":{"LineHeight":12,"TextAlign":"Justify"}},{"Bounds":[44.022674560546875,424.5259246826172,516.1949005126953,507.8673553466797],"Font":{"alt_family_name":"Titlingmes New Roman PSMT","embedded":true,"encoding":"WinAnsiEncoding","family_name":"Titlingmes New Roman PSMT","font_type":"Type1","italic":false,"monospaced":false,"name":"EDOLOM+TimesNewRomanPSMT","subset":true,"weight":400},"HasClip":false,"Lang":"en","Page":1,"Path":"//Document/P[12]","Text":"John Flavell (1976), who led studies regarding the concept of metacognition through his research, defining metacognition as follows: “metacognition refers to one’s knowledge concerning one’s own cognitive processes and products or anything related to them” (p.232). Flavell (1979) was concerned with investigating whether children were aware of understanding some components that govern their memories and cognitions. This research provided significant evidence about the fact that children possessed the ability to reflect their own cognitive processes. After this research, Flavell defined metacognition as information and cognition about the cognitive phenomenon and conceptualized it as the learner’s information about his or her own cognition.  ","TextSize":10.080001831054688,"attributes":{"LineHeight":12,"TextAlign":"Justify"}},{"Bounds":[44.022674560546875,328.56431579589844,515.1268310546875,423.9009552001953],"Font":{"alt_family_name":"Titlingmes New Roman PSMT","embedded":true,"encoding":"WinAnsiEncoding","family_name":"Titlingmes New Roman PSMT","font_type":"Type1","italic":false,"monospaced":false,"name":"EDOLOM+TimesNewRomanPSMT","subset":true,"weight":400},"HasClip":false,"Lang":"en","Page":1,"Path":"//Document/P[13]","Text":"Brown (1978) conducted many studies after Flavell and focused on understanding information or the problems related to either effective use of information or understanding information for which a clear definition has been provided. He defined metacognition as students’ awareness and organization of thinking processes that they use in planned learning and problem solving situations. Wellman (1985) defines metacognition as “thinking about thinking or a person’s cognition about cognition” (p.1). Metacognition occurs as a result of one’s individual evaluation and observation of their cognitive behavior in a learning environment (Ayersman, 1995). According to Baker and Brown (1980), metacognition is a theoretical structure where learners take effective responsibility of their learning and is individuals’ being aware of their learning and its management. ","TextSize":10.080001831054688,"attributes":{"LineHeight":12,"TextAlign":"Justify"}},{"Bounds":[44.022674560546875,220.59744262695312,516.8627471923828,327.9292755126953],"Font":{"alt_family_name":"Titlingmes New Roman PSMT","embedded":true,"encoding":"WinAnsiEncoding","family_name":"Titlingmes New Roman PSMT","font_type":"Type1","italic":false,"monospaced":false,"name":"EDOLOM+TimesNewRomanPSMT","subset":true,"weight":400},"HasClip":false,"Lang":"en","Page":1,"Path":"//Document/P[14]","Text":"Metacognition can be explained as individuals’ information while they are learning or fulfilling a task and a deliberate organization in cognitive processes (Brown, Bransford, Ferrara & Campione, 1983; Miller, 1985). Swanson (1990) defines metacognition as individuals’ awareness of their ability to monitor, regulate and control their own activities concerning learning. Metacognition generally means higher level thinking about how a learning task will be handled, and making plans on processes of observing and evaluating comprehension (Livingston, 1997). Wilson (1998) regards metacognition as knowledge and awareness of thinking processes and strategies (together with the ability to evaluate and organize these processes). Scarr and Zanden (1984), on the other hand, define metacognition as individuals’ awareness and comprehension of processes of regulating their mental state, skills, memory and behavior. ","TextSize":10.080001831054688,"attributes":{"LineHeight":12,"TextAlign":"Justify"}},{"Bounds":[44.022674560546875,136.63104248046875,517.6116943359375,219.97247314453125],"Font":{"alt_family_name":"Titlingmes New Roman PSMT","embedded":true,"encoding":"WinAnsiEncoding","family_name":"Titlingmes New Roman PSMT","font_type":"Type1","italic":false,"monospaced":false,"name":"EDOLOM+TimesNewRomanPSMT","subset":true,"weight":400},"HasClip":false,"Lang":"en","Page":1,"Path":"//Document/P[15]","Text":"Although there are many different definitions concerning metacognition, the one common point is to monitor strategies for the learning process (Bonner, 1988) and many other researchers blend two different approaches that emphasize the importance of cognitive states and processes and the control of the executable aspect of metacognition in a single definition (Paris & Winogard, 1990). This definition involves individuals’ planning of their information about their own and others’ cognitive processes before they fulfill their task, observing their thinking, learning and understanding while performing a task, controlling and regulating their thinking by making arrangements on site and evaluating after they have completed their task (Scott, 2008). ","TextSize":10.080001831054688,"attributes":{"LineHeight":12,"TextAlign":"Justify"}},{"Bounds":[46.45039367675781,664.4400024414062,268.5041809082031,675.9211273193359],"Font":{"alt_family_name":"Titlingmes New Roman PS","embedded":true,"encoding":"WinAnsiEncoding","family_name":"Titlingmes New Roman PS","font_type":"Type1","italic":false,"monospaced":false,"name":"EDOMBA+TimesNewRomanPS-BoldMT","subset":true,"weight":700},"HasClip":false,"Lang":"en","Page":2,"Path":"//Document/H1[4]","Text":"3. Difference between Cognition and Metacognition ","TextSize":10.080001831054688,"attributes":{"LineHeight":12.125,"SpaceAfter":12}},{"Bounds":[46.45039367675781,556.4731140136719,517.9671325683594,651.8097534179688],"Font":{"alt_family_name":"Titlingmes New Roman PSMT","embedded":true,"encoding":"WinAnsiEncoding","family_name":"Titlingmes New Roman PSMT","font_type":"Type1","italic":false,"monospaced":false,"name":"EDOLOM+TimesNewRomanPSMT","subset":true,"weight":400},"HasClip":false,"Lang":"en","Page":2,"Path":"//Document/P[16]","Text":"It will be useful to reveal the difference between cognition and metacognition while explaining the concept of metacognition. The concepts of cognition and metacognition are different although they are related to each other. While metacognition is necessary to understand how a task will be performed, cognition is required to fulfill a task (Schraw, 2001). While cognition means being aware of and understanding something, metacognition is being aware of and knowing how one learns in addition to learning and understanding something (Senemo÷lu, 2005). According to Gourgey (1998), on the other hand, cognition is necessary to form the learning process and information while metacognition is required for individuals to observe, develop, and evaluate their own processes and apply their knowledge to new situations. Therefore, metacognition is a basic requirement for cognitive effectiveness. ","TextSize":10.080001831054688,"attributes":{"LineHeight":12,"TextAlign":"Justify"}},{"Bounds":[46.460479736328125,483.92735290527344,518.8004608154297,555.8481597900391],"Font":{"alt_family_name":"Titlingmes New Roman PSMT","embedded":true,"encoding":"WinAnsiEncoding","family_name":"Titlingmes New Roman PSMT","font_type":"Type1","italic":false,"monospaced":false,"name":"EDOLOM+TimesNewRomanPSMT","subset":true,"weight":400},"HasClip":false,"Lang":"en","Page":2,"Path":"//Document/P[17]","Text":"It is necessary to understand the relationship between metacognition and cognition. Metacognitive activities occur before cognitive activities (planning), during activities (monitoring) or after activities (evaluating). We can give as an example a student who uses self-observation strategy during reading to exemplify the relationship between metacognition and cognition. The student knows that s/he can not comprehend (metacognition) what s/he is reading. At the same time, s/he knows that s/he can understand the text better when s/he prepares a conceptual map or makes a summary (cognition). This relationship is shown in Figure 1. (Wahl, 2007; cited by AltÕnda÷, 2008). ","TextSize":10.080001831054688,"attributes":{"LineHeight":12,"SpaceAfter":12.75,"TextAlign":"Justify"}},{"Bounds":[147.6998748779297,243.8108673095703,424.9580993652344,476.66912841796875],"Page":2,"Path":"//Document/Figure[4]","attributes":{"BBox":[147.83399999999529,243.94599999999627,424.7829999999958,476.4969999999885],"Placement":"Block"}},{"Bounds":[183.48800659179688,220.9803466796875,378.91004943847656,229.91297912597656],"Font":{"alt_family_name":"Titlingmes New Roman PSMT","embedded":true,"encoding":"WinAnsiEncoding","family_name":"Titlingmes New Roman PSMT","font_type":"Type1","italic":false,"monospaced":false,"name":"EDOLOM+TimesNewRomanPSMT","subset":true,"weight":400},"HasClip":false,"Lang":"en","Page":2,"Path":"//Document/P[18]","Text":"Figure 1. Relationship between cognition and metacognition ","TextSize":7.91900634765625,"attributes":{"LineHeight":9.5,"SpaceAfter":11.875,"TextAlign":"Center"}},{"Bounds":[46.449493408203125,196.44009399414062,192.84909057617188,207.9212188720703],"Font":{"alt_family_name":"Titlingmes New Roman PS","embedded":true,"encoding":"WinAnsiEncoding","family_name":"Titlingmes New Roman PS","font_type":"Type1","italic":false,"monospaced":false,"name":"EDOMBA+TimesNewRomanPS-BoldMT","subset":true,"weight":700},"HasClip":false,"Lang":"en","Page":2,"Path":"//Document/H1[5]","Text":"4. Measurement of Metacognition ","TextSize":10.080001831054688,"attributes":{"LineHeight":12.125,"SpaceAfter":12}},{"Bounds":[46.449493408203125,112.463623046875,518.1737670898438,183.8098602294922],"Font":{"alt_family_name":"Titlingmes New Roman PSMT","embedded":true,"encoding":"WinAnsiEncoding","family_name":"Titlingmes New Roman PSMT","font_type":"Type1","italic":false,"monospaced":false,"name":"EDOLOM+TimesNewRomanPSMT","subset":true,"weight":400},"HasClip":false,"Page":2,"Path":"//Document/P[19]/ParagraphSpan","Text":"As stated by Peters (2007), existence of metacognition was first investigated by Hart (1965), Underwood (1966) and Arbuckle and Cuddy (1969) in the 1960s. In his study, Hart (1965) asked participants questions that involved general information. Then, he asked them what they thought about the solution to the problem for each question. He concluded that the participants’ ideas about the solution to the problem were definite predictors of the correct answers to the questions. Underwood (1966), on the other hand, asked the participants about their views concerning the difficulty of each item on the test and demonstrated that the ideas of each individual could predict their own ","TextSize":10.080001831054688},{"Bounds":[44.012603759765625,664.4447937011719,517.7496643066406,687.8102416992188],"Font":{"alt_family_name":"Titlingmes New Roman PSMT","embedded":true,"encoding":"WinAnsiEncoding","family_name":"Titlingmes New Roman PSMT","font_type":"Type1","italic":false,"monospaced":false,"name":"EDOLOM+TimesNewRomanPSMT","subset":true,"weight":400},"HasClip":false,"Page":3,"Path":"//Document/P[19]/ParagraphSpan[2]","Text":"learning. Arbuckle and Cuddy (1969) worked on individual judgments about learning and concluded that individuals’ judgments on their own learning were highly accurate. ","TextSize":10.080001831054688},{"Bounds":[44.012603759765625,544.4927978515625,518.4766998291016,663.8198394775391],"Font":{"alt_family_name":"Titlingmes New Roman PSMT","embedded":true,"encoding":"WinAnsiEncoding","family_name":"Titlingmes New Roman PSMT","font_type":"Type1","italic":false,"monospaced":false,"name":"EDOLOM+TimesNewRomanPSMT","subset":true,"weight":400},"HasClip":false,"Lang":"en","Page":3,"Path":"//Document/P[20]","Text":"Measurement of metacognition is naturally difficult because metacognition is not an explicit behavior. Metacognition is not internal process only; on the contrary, individuals are not aware of these processes. As cited by Sandí-Ureña (2008) from Veenman (2005), he defined methods of measuring metacognition, via the temporary relationships of the method of measurement concerning the implementation of a task, as probable if it was implemented before the task, simultaneous if it was implemented during the task and retrospective if it was implemented after the task. Measurement tools that are used to measure metacognition can be investigated in two categories, namely reports based on an individual’s own telling (questionnaires and interviews) and objective behavior measurements (i.e. systemic observation and think aloud protocols). The method of measuring metacognition, on the other hand, can be determined according to the type of the measurement tool that was used to measure metacognition.  ","TextSize":10.080001831054688,"attributes":{"LineHeight":12,"TextAlign":"Justify"}},{"Bounds":[44.012603759765625,364.56480407714844,518.2363891601562,543.8678436279297],"Font":{"alt_family_name":"Titlingmes New Roman PSMT","embedded":true,"encoding":"WinAnsiEncoding","family_name":"Titlingmes New Roman PSMT","font_type":"Type1","italic":false,"monospaced":false,"name":"EDOLOM+TimesNewRomanPSMT","subset":true,"weight":400},"HasClip":false,"Lang":"en","Page":3,"Path":"//Document/P[21]","Text":"Simultaneous (synchronic) measurement of metacognition is implemented using tools that cause considerable loss of time and require that participants be evaluated individually. Tools that are most frequently used in the simultaneous measurement of metacognition are “think aloud protocols and systematic observations” (D. Rickey, 1999; Veenman, 2005; cited by Sandí-Ureña, 2008). Think aloud protocols allow the researcher to determine students’ metacognitive ideas “online”. Thus, students tell you verbally how they handle a certain problem. There are two problems in this type of measurement. One of those is that think aloud protocols may prevent students from learning the present materials while they express their metacognitive opinions verbally. The second is that while think aloud protocols are useful in the laboratory conditions, they are not functional in the classroom environment because when students are asked to think aloud while they are performing a task, it is necessary that they leave their typical learning environment. If the point of interest is how students learn in a classroom environment and how they use metacognitive thinking, think aloud protocols are not appropriate (Scott, 2008). Although systematic observations are useful in determining students’ non-verbal metacognitive behavior diachronically, it also involves some disadvantages such as implementation with a small number of students and difficulty of student control. The tools that are most commonly used in probable and retrospective evaluation of metacognition are questionnaires and interviews. ","TextSize":10.080001831054688,"attributes":{"LineHeight":12,"TextAlign":"Justify"}},{"Bounds":[44.012603759765625,220.61231994628906,517.1992797851562,363.93983459472656],"Font":{"alt_family_name":"Titlingmes New Roman PSMT","embedded":true,"encoding":"WinAnsiEncoding","family_name":"Titlingmes New Roman PSMT","font_type":"Type1","italic":false,"monospaced":false,"name":"EDOLOM+TimesNewRomanPSMT","subset":true,"weight":400},"HasClip":false,"Lang":"en","Page":3,"Path":"//Document/P[22]","Text":"The questionnaire is one of the most frequently used tools for measuring metacognition. However, it has both positive and negative aspects. The basic drawbacks of a questionnaire based on an individual’s own report are the possibility that the students may be reluctant to express their ideas and experiences, the possibility that the questionnaires may not have been understood fully by all of the students, and the possibility that the questions might stimulate socially attractive questions (Baker & Cerro, 2000; cited by Scott, 2008). However, the positive aspects of questionnaires outweigh their negative aspects in terms of certain research questions. First, questionnaires enable researchers to evaluate larger student groups in one go without interfering with their classroom experiences. Questionnaires can be easily administered to groups and evaluated quickly and objectively (Tobias & Everson, 1996). Second, in contrast to interviews, questionnaires attain equality for all students in the collection of data that vary from student to student depending on the students’ initial reactions. Finally, questionnaires can be used reliably and effectively in some structures where it is not possible to observe motivation and cognitive engagement (Pintrich & DeGroot, 1990). ","TextSize":10.080001831054688,"attributes":{"LineHeight":12,"TextAlign":"Justify"}},{"Bounds":[44.012603759765625,148.64111328125,515.30029296875,219.98736572265625],"Font":{"alt_family_name":"Titlingmes New Roman PSMT","embedded":true,"encoding":"WinAnsiEncoding","family_name":"Titlingmes New Roman PSMT","font_type":"Type1","italic":false,"monospaced":false,"name":"EDOLOM+TimesNewRomanPSMT","subset":true,"weight":400},"HasClip":false,"Lang":"en","Page":3,"Path":"//Document/P[23]","Text":"Interviews are useful in that they enable an in-depth investigation of students’ ideas. Interviews have the power to demand the students to expand on the answers that they have given if they have responded to the interview questions in the form of “yes” and “no”. The basic problem concerned with using interviews in measuring metacognition is that it causes loss of time due to the fact that the method requires a mutual and interactive communication process based on asking and answering questions and that it can not be implemented in a classroom environment (Scott, 2008). ","TextSize":10.080001831054688,"attributes":{"LineHeight":12,"TextAlign":"Justify"}},{"Bounds":[46.45039367675781,664.4400024414062,106.82089233398438,675.9211273193359],"Font":{"alt_family_name":"Titlingmes New Roman PS","embedded":true,"encoding":"WinAnsiEncoding","family_name":"Titlingmes New Roman PS","font_type":"Type1","italic":false,"monospaced":false,"name":"EDOMBA+TimesNewRomanPS-BoldMT","subset":true,"weight":700},"HasClip":false,"Lang":"en","Page":4,"Path":"//Document/H1[6]","Text":"5. Conclusion ","TextSize":10.080001831054688,"attributes":{"LineHeight":12.125,"SpaceAfter":12}},{"Bounds":[46.45039367675781,556.4731140136719,519.7023620605469,651.8097534179688],"Font":{"alt_family_name":"Titlingmes New Roman PSMT","embedded":true,"encoding":"WinAnsiEncoding","family_name":"Titlingmes New Roman PSMT","font_type":"Type1","italic":false,"monospaced":false,"name":"EDOLOM+TimesNewRomanPSMT","subset":true,"weight":400},"HasClip":false,"Lang":"en","Page":4,"Path":"//Document/P[24]","Text":"To sum up, it can be said that teaching students how to use metacognitive strategies increases academic achievement (Biggs, 1988). Students with advanced metacognitive skills are those who are aware of what they have learned and what they do not know. Generally, students with advanced metacognitive skills may monitor their own learning, express their opinions about the information, update their knowledge and develop and implement new learning strategies to learn more. In comparison to other students, students using their metacognitive skills effectively are those who are more aware of their strengths and weaknesses and strive to improve their learning skills further (Bransford, Brown & Cocking, 1999). According to Jones, Farquhar and Surry (1995), the further students’ awareness of metacognition is improved, the more students’ effectiveness is increased. ","TextSize":10.080001831054688,"attributes":{"LineHeight":12,"TextAlign":"Justify"}},{"Bounds":[46.45039367675781,460.5115203857422,519.7261505126953,555.8481597900391],"Font":{"alt_family_name":"Titlingmes New Roman PSMT","embedded":true,"encoding":"WinAnsiEncoding","family_name":"Titlingmes New Roman PSMT","font_type":"Type1","italic":false,"monospaced":false,"name":"EDOLOM+TimesNewRomanPSMT","subset":true,"weight":400},"HasClip":false,"Lang":"en","Page":4,"Path":"//Document/P[25]","Text":"Despite to efforts aimed at increasing awareness, teaching and use of metacognition, studies concerning evaluation of metacognition are not parallel to the interest shown in metacognition. A lack of appropriate evaluation has been stated as an obstacle to the improvement of researches. Currently, the need for tools to measure metacognition continues. Schraw (2009) points out the difficulty of measuring metacognition and states that a single method that enables simultaneous connection to metacognition processes and allows for measurement of all of these processes alone does not exist. Tobias and Everson (2002) emphasize this point and state that metacognition is measured on the basis of observations, dialogues and individuals’ self-reports. In conclusion, there is no single tool that can measure metacognition alone.  ","TextSize":10.080001831054688,"attributes":{"LineHeight":12,"SpaceAfter":11.875,"TextAlign":"Justify"}},{"Bounds":[46.45039367675781,436.51104736328125,69.05476379394531,447.9921569824219],"Font":{"alt_family_name":"Titlingmes New Roman PS","embedded":true,"encoding":"WinAnsiEncoding","family_name":"Titlingmes New Roman PS","font_type":"Type1","italic":false,"monospaced":false,"name":"EDOMBA+TimesNewRomanPS-BoldMT","subset":true,"weight":700},"HasClip":false,"Lang":"en","Page":4,"Path":"//Document/H1[7]","Text":"Note ","TextSize":10.080001831054688,"attributes":{"LineHeight":12.125,"SpaceAfter":12}},{"Bounds":[46.45039367675781,388.52015686035156,518.0837249755859,423.88079833984375],"Font":{"alt_family_name":"Titlingmes New Roman PSMT","embedded":true,"encoding":"WinAnsiEncoding","family_name":"Titlingmes New Roman PSMT","font_type":"Type1","italic":false,"monospaced":false,"name":"EDOLOM+TimesNewRomanPSMT","subset":true,"weight":400},"HasClip":false,"Lang":"en","Page":4,"Path":"//Document/P[26]","Text":"The present study has been compiled from the first author’s doctoral dissertation entitled “Effects of Metacognitive Instructional Strategies in Computer Course”, which was completed in Program of Curriculum and Instruction, Department of Educational Sciences at Graduate School of Educational Sciences, Selcuk University. ","TextSize":10.080001831054688,"attributes":{"LineHeight":12,"SpaceAfter":11.875,"TextAlign":"Justify"}},{"Bounds":[46.45039367675781,364.5196838378906,96.0067138671875,376.00079345703125],"Font":{"alt_family_name":"Titlingmes New Roman PS","embedded":true,"encoding":"WinAnsiEncoding","family_name":"Titlingmes New Roman PS","font_type":"Type1","italic":false,"monospaced":false,"name":"EDOMBA+TimesNewRomanPS-BoldMT","subset":true,"weight":700},"HasClip":false,"Lang":"en","Page":4,"Path":"//Document/H1[8]","Text":"References ","TextSize":10.080001831054688,"attributes":{"LineHeight":12.125,"SpaceAfter":12.5}},{"Bounds":[46.45050048828125,332.82505798339844,516.0155181884766,352.7413330078125],"Font":{"alt_family_name":"Titlingmes New Roman PSMT","embedded":true,"encoding":"WinAnsiEncoding","family_name":"Titlingmes New Roman PSMT","font_type":"Type1","italic":false,"monospaced":false,"name":"EDOLOM+TimesNewRomanPSMT","subset":true,"weight":400},"HasClip":false,"Lang":"en","Page":4,"Path":"//Document/P[27]","Text":"AltÕnda÷, M. (2008). Hacettepe Üniversitesi E÷itim Fakültesi Ö÷rencilerinin Yürütücü Biliú Becerileri. YayÕnlanmamÕú Yüksek Lisans Tezi. Ankara: Hacettepe Üniversitesi, Sosyal Bilimler Enstitüsü. ","TextSize":7.91900634765625,"attributes":{"LineHeight":9.875}},{"Bounds":[46.45841979980469,312.6632843017578,516.8927459716797,331.6768035888672],"Font":{"alt_family_name":"Titlingmes New Roman PSMT","embedded":true,"encoding":"WinAnsiEncoding","family_name":"Titlingmes New Roman PSMT","font_type":"Type1","italic":false,"monospaced":false,"name":"EDOLOM+TimesNewRomanPSMT","subset":true,"weight":400},"HasClip":false,"Lang":"en","Page":4,"Path":"//Document/P[28]","Text":"Ayersman, D. J. (1995). Effects of Knowledge Representation Format and Hypermedia Instruction on Metacognitive Accuracy. Computers in Human Behavior, 11(3-4), 533-555. ","TextSize":7.91900634765625,"attributes":{"LineHeight":10.125}},{"Bounds":[46.45841979980469,302.827880859375,445.38829040527344,311.76051330566406],"Font":{"alt_family_name":"Titlingmes New Roman PSMT","embedded":true,"encoding":"WinAnsiEncoding","family_name":"Titlingmes New Roman PSMT","font_type":"Type1","italic":false,"monospaced":false,"name":"EDOLOM+TimesNewRomanPSMT","subset":true,"weight":400},"HasClip":false,"Page":4,"Path":"//Document/P[29]/Sub","Text":"Baker, L. and Brown, A. L. (1980). Metacognitive Skills and Reading. Technical Report No. 188, Eric Number: ED195932. ","TextSize":7.91900634765625,"attributes":{"Placement":"Block"}},{"Bounds":[46.45841979980469,292.7469940185547,427.57177734375,301.67962646484375],"Font":{"alt_family_name":"Titlingmes New Roman PSMT","embedded":true,"encoding":"WinAnsiEncoding","family_name":"Titlingmes New Roman PSMT","font_type":"Type1","italic":false,"monospaced":false,"name":"EDOLOM+TimesNewRomanPSMT","subset":true,"weight":400},"HasClip":false,"Page":4,"Path":"//Document/P[29]/Sub[2]","Text":"Biggs, J. (1988). The Role of Metacognition in Enhancing Learning. Australian Journal of Education, 32(2), 127-138. ","TextSize":7.91900634765625,"attributes":{"Placement":"Block"}},{"Bounds":[46.45050048828125,272.83070373535156,516.6629638671875,291.59873962402344],"Font":{"alt_family_name":"Titlingmes New Roman PSMT","embedded":true,"encoding":"WinAnsiEncoding","family_name":"Titlingmes New Roman PSMT","font_type":"Type1","italic":false,"monospaced":false,"name":"EDOLOM+TimesNewRomanPSMT","subset":true,"weight":400},"HasClip":false,"Lang":"en","Page":4,"Path":"//Document/P[30]","Text":"Bonner, J. (1988). Implications of Cognitive Theory for Instructional Design: Revisired. Educational Communications and Technology Journal, 36(1), 3-14. ","TextSize":7.91900634765625,"attributes":{"LineHeight":9.875}},{"Bounds":[46.45050048828125,252.66893005371094,518.1902465820312,271.6824493408203],"Font":{"alt_family_name":"Titlingmes New Roman PSMT","embedded":true,"encoding":"WinAnsiEncoding","family_name":"Titlingmes New Roman PSMT","font_type":"Type1","italic":false,"monospaced":false,"name":"EDOLOM+TimesNewRomanPSMT","subset":true,"weight":400},"HasClip":false,"Lang":"en","Page":4,"Path":"//Document/P[31]","Text":"Bransford, J. D., Brown, A. L. and Cocking, R. R. (1999). How People Learn: Brain, Mind, Experience, and School. Committee on Developments in the Science of Learnig, Commission on Behavioral and Social Sciences and Education. National Research Council. ","TextSize":7.91900634765625,"attributes":{"LineHeight":10.125}},{"Bounds":[46.45050048828125,232.75265502929688,516.2806091308594,251.76617431640625],"Font":{"alt_family_name":"Titlingmes New Roman PSMT","embedded":true,"encoding":"WinAnsiEncoding","family_name":"Titlingmes New Roman PSMT","font_type":"Type1","italic":false,"monospaced":false,"name":"EDOLOM+TimesNewRomanPSMT","subset":true,"weight":400},"HasClip":false,"Lang":"en","Page":4,"Path":"//Document/P[32]","Text":"Brown, A. L. (1987). “Executive Control, Self-Regulation, and Other More Mysterious Mechanisms”. In F. E. Weinert and R. Kluwe (Eds.). Metacognition, Motivation, and Understanding (pp.65-116). Hillsdale, NJ: Lawrence Erlbaum Associates. ","TextSize":7.91900634765625,"attributes":{"LineHeight":10.125}},{"Bounds":[46.45050048828125,212.83636474609375,517.9222412109375,231.60440063476562],"Font":{"alt_family_name":"Titlingmes New Roman PSMT","embedded":true,"encoding":"WinAnsiEncoding","family_name":"Titlingmes New Roman PSMT","font_type":"Type1","italic":false,"monospaced":false,"name":"EDOLOM+TimesNewRomanPSMT","subset":true,"weight":400},"HasClip":false,"Lang":"en","Page":4,"Path":"//Document/P[33]","Text":"Brown, A. L. (1978). “Knowing When, Where and How to Remember: A Problem of metacognition”, In R. Glaser (Ed.). Advences in Instructional Psychology (p.77-165). Hillsdale, NJ: Lawrence Erlbaum. ","TextSize":7.91900634765625,"attributes":{"LineHeight":9.875}},{"Bounds":[46.45050048828125,192.67459106445312,516.1234283447266,211.6881103515625],"Font":{"alt_family_name":"Titlingmes New Roman PSMT","embedded":true,"encoding":"WinAnsiEncoding","family_name":"Titlingmes New Roman PSMT","font_type":"Type1","italic":false,"monospaced":false,"name":"EDOLOM+TimesNewRomanPSMT","subset":true,"weight":400},"HasClip":false,"Lang":"en","Page":4,"Path":"//Document/P[34]","Text":"Brown, A. L., Bransford, J. D., Ferrara, R. A. and Campione, J. C. (1983). “Learning, Remembering, and Understanding”. In P. H. Mussen (Ed.). Handbook of Child Psychology (pp.77-166). New York: John Wiley. ","TextSize":7.91900634765625,"attributes":{"LineHeight":10.125}},{"Bounds":[46.45050048828125,172.75830078125,516.2561340332031,191.77182006835938],"Font":{"alt_family_name":"Titlingmes New Roman PSMT","embedded":true,"encoding":"WinAnsiEncoding","family_name":"Titlingmes New Roman PSMT","font_type":"Type1","italic":false,"monospaced":false,"name":"EDOLOM+TimesNewRomanPSMT","subset":true,"weight":400},"HasClip":false,"Lang":"en","Page":4,"Path":"//Document/P[35]","Text":"Dunlosky, J. and Hertzog, C. (2000). Updating Knowledge about Encoding Strategies: A Componential Analysis of Learning about Strategy Effectiveness from Task Experience. Psychology and Aging, 15(3), 462-474. ","TextSize":7.91900634765625,"attributes":{"LineHeight":10.125}},{"Bounds":[46.45050048828125,152.84202575683594,516.1341857910156,171.61004638671875],"Font":{"alt_family_name":"Titlingmes New Roman PSMT","embedded":true,"encoding":"WinAnsiEncoding","family_name":"Titlingmes New Roman PSMT","font_type":"Type1","italic":false,"monospaced":false,"name":"EDOLOM+TimesNewRomanPSMT","subset":true,"weight":400},"HasClip":false,"Lang":"en","Page":4,"Path":"//Document/P[36]","Text":"Georghiades, P. (2004). From the General to the Situated: Three Decades of Metacognition, International Journal of Science Education, 26(3), 365-383. ","TextSize":7.91900634765625,"attributes":{"LineHeight":9.875}},{"Bounds":[46.45050048828125,142.76113891601562,372.9760284423828,151.6937713623047],"Font":{"alt_family_name":"Titlingmes New Roman PSMT","embedded":true,"encoding":"WinAnsiEncoding","family_name":"Titlingmes New Roman PSMT","font_type":"Type1","italic":false,"monospaced":false,"name":"EDOLOM+TimesNewRomanPSMT","subset":true,"weight":400},"HasClip":false,"Lang":"en","Page":4,"Path":"//Document/P[37]","Text":"Gourgey, A. F. (1998). Metacognition in Basic Skills Instruction. Instructional Science, 26(1), 81-96. ","TextSize":7.91900634765625,"attributes":{"LineHeight":9.5}},{"Bounds":[46.45050048828125,122.8448486328125,516.4337463378906,141.61288452148438],"Font":{"alt_family_name":"Titlingmes New Roman PSMT","embedded":true,"encoding":"WinAnsiEncoding","family_name":"Titlingmes New Roman PSMT","font_type":"Type1","italic":false,"monospaced":false,"name":"EDOLOM+TimesNewRomanPSMT","subset":true,"weight":400},"HasClip":false,"Lang":"en","Page":4,"Path":"//Document/P[38]","Text":"Flavell, J. H. (1976). “Metacognitive Aspects of Problem Solving”. In L. Resnick (Ed.). The Nature of Intelligence (pp.231-236). Hillsdale, New Jersey: Lawrence Erlbaum Associates. ","TextSize":7.91900634765625,"attributes":{"LineHeight":9.875}},{"Bounds":[46.45050048828125,102.68307495117188,516.2530975341797,121.69659423828125],"Font":{"alt_family_name":"Titlingmes New Roman PSMT","embedded":true,"encoding":"WinAnsiEncoding","family_name":"Titlingmes New Roman PSMT","font_type":"Type1","italic":false,"monospaced":false,"name":"EDOLOM+TimesNewRomanPSMT","subset":true,"weight":400},"HasClip":false,"Lang":"en","Page":4,"Path":"//Document/P[39]","Text":"Flavell, J. H. (1979). Metacognitive and Cognitive Monitoring: A New Area of Cognitive-Developmental Inquiry. American Psychologyst, 34, 906-911. ","TextSize":7.91900634765625,"attributes":{"LineHeight":10.125,"SpaceAfter":7.75}},{"Bounds":[278.28990173339844,85.38134765625,284.2291564941406,94.31398010253906],"ClipBounds":[278.28990173339844,92.34800720214844,282.3789978027344,94.31398010253906],"Font":{"alt_family_name":"Titlingmes New Roman PSMT","embedded":true,"encoding":"WinAnsiEncoding","family_name":"Titlingmes New Roman PSMT","font_type":"Type1","italic":false,"monospaced":false,"name":"EDOLOM+TimesNewRomanPSMT","subset":true,"weight":400},"HasClip":true,"Lang":"en","Page":4,"Path":"//Document/P[40]","Text":"5 ","TextSize":7.91900634765625,"attributes":{"LineHeight":9.5,"TextAlign":"Center"}},{"Bounds":[43.61579895019531,668.8257446289062,513.6422882080078,687.5937805175781],"Font":{"alt_family_name":"Titlingmes New Roman PSMT","embedded":true,"encoding":"WinAnsiEncoding","family_name":"Titlingmes New Roman PSMT","font_type":"Type1","italic":false,"monospaced":false,"name":"EDOLOM+TimesNewRomanPSMT","subset":true,"weight":400},"HasClip":false,"Lang":"en","Page":5,"Path":"//Document/P[41]","Text":"Jacobs, J. and Paris, S. (1987). Children’s Metacognition about Reading: Issues in Definition, Measurement, and Instruction. Educational Psychologist, 22(3-4), 255-278. ","TextSize":7.91900634765625,"attributes":{"LineHeight":9.875}},{"Bounds":[43.61579895019531,648.6639709472656,513.4142761230469,667.677490234375],"Font":{"alt_family_name":"Titlingmes New Roman PSMT","embedded":true,"encoding":"WinAnsiEncoding","family_name":"Titlingmes New Roman PSMT","font_type":"Type1","italic":false,"monospaced":false,"name":"EDOLOM+TimesNewRomanPSMT","subset":true,"weight":400},"HasClip":false,"Lang":"en","Page":5,"Path":"//Document/P[42]","Text":"Jones, M. G., Farquhar, J. D. and Surry, D. W. (1995). Using Metacognitive Theories to Design User Interfaces for Computer-Based Learning. Educational Technology, 35, 12-22. ","TextSize":7.91900634765625,"attributes":{"LineHeight":10.125}},{"Bounds":[43.61579895019531,628.7476959228516,513.8473052978516,647.7612152099609],"Font":{"alt_family_name":"Titlingmes New Roman PSMT","embedded":true,"encoding":"WinAnsiEncoding","family_name":"Titlingmes New Roman PSMT","font_type":"Type1","italic":false,"monospaced":false,"name":"EDOLOM+TimesNewRomanPSMT","subset":true,"weight":400},"HasClip":false,"Lang":"en","Page":5,"Path":"//Document/P[43]","Text":"Leader, W. S. (2008). Metacognition among Students Identified as Gifted or Nongifted Using the Discover Assessment. Unpublished Doctoral Dissertation. Tucson, AZ: Graduate College of the University of Arizona. ","TextSize":7.91900634765625,"attributes":{"LineHeight":10.125}},{"Bounds":[43.61579895019531,618.2154235839844,508.01072692871094,628.6209869384766],"Font":{"alt_family_name":"Titlingmes New Roman PSMT","embedded":true,"encoding":"WinAnsiEncoding","family_name":"Titlingmes New Roman PSMT","font_type":"Type1","italic":false,"monospaced":false,"name":"EDOLOM+TimesNewRomanPSMT","subset":true,"weight":400},"HasClip":false,"Lang":"en","Page":5,"Path":"//Document/P[44]","Text":"Livingston, J. A. (1997). Metacognition: An Overview. http://www.gse.buffalo.edu/fas/shuell/CEP564/Metacog.htm, Eriúim Tarihi: 24.06.2009. ","TextSize":7.91900634765625,"attributes":{"LineHeight":9.5}},{"Bounds":[43.61579895019531,598.7505187988281,513.6620330810547,617.7640380859375],"Font":{"alt_family_name":"Titlingmes New Roman PSMT","embedded":true,"encoding":"WinAnsiEncoding","family_name":"Titlingmes New Roman PSMT","font_type":"Type1","italic":false,"monospaced":false,"name":"EDOLOM+TimesNewRomanPSMT","subset":true,"weight":400},"HasClip":false,"Lang":"en","Page":5,"Path":"//Document/P[45]","Text":"Miller, P. H. (1985). “Metacognition and Attention”. In D. L. Forrest-Pressley, G. E. MacKinnon and T. E. Waller (Eds.). Metacognition, Cognition, and Human Performance: Vol. 2: Instructional Practices (pp.181-221). Orlando, FL: Academic Pres. ","TextSize":7.91900634765625,"attributes":{"LineHeight":10.125}},{"Bounds":[43.61579895019531,578.834228515625,513.0177154541016,597.6022644042969],"Font":{"alt_family_name":"Titlingmes New Roman PSMT","embedded":true,"encoding":"WinAnsiEncoding","family_name":"Titlingmes New Roman PSMT","font_type":"Type1","italic":false,"monospaced":false,"name":"EDOLOM+TimesNewRomanPSMT","subset":true,"weight":400},"HasClip":false,"Lang":"en","Page":5,"Path":"//Document/P[46]","Text":"Paris, S. G. and Winogard, P. (1990). “How Metacognition can Promote Academic Learning and Instruction”. In B. F. Jones and L. Idol (Eds.). Dimensions of Thinking and Cognitive Instruction (pp.15-51). Hillsdale, NJ: Lawrence Erlbaum. ","TextSize":7.91900634765625,"attributes":{"LineHeight":9.875}},{"Bounds":[43.61579895019531,548.8370666503906,515.5047302246094,577.6859741210938],"Font":{"alt_family_name":"Titlingmes New Roman PSMT","embedded":true,"encoding":"WinAnsiEncoding","family_name":"Titlingmes New Roman PSMT","font_type":"Type1","italic":false,"monospaced":false,"name":"EDOLOM+TimesNewRomanPSMT","subset":true,"weight":400},"HasClip":false,"Lang":"en","Page":5,"Path":"//Document/P[47]","Text":"Peters, E. E. (2007). The Effect of Nature of Science Metacognitive Prompts on Science Students’ Content and Nature of Science Knowledge, Metacognition, and Self-Regulatory Efficacy. Unpublished Doctoral Dissertation. Fairfax, VA: Graduate Faculty of George Mason University. ","TextSize":7.91900634765625,"attributes":{"LineHeight":10}},{"Bounds":[43.62371826171875,528.67529296875,513.3613128662109,547.6888122558594],"Font":{"alt_family_name":"Titlingmes New Roman PSMT","embedded":true,"encoding":"WinAnsiEncoding","family_name":"Titlingmes New Roman PSMT","font_type":"Type1","italic":false,"monospaced":false,"name":"EDOLOM+TimesNewRomanPSMT","subset":true,"weight":400},"HasClip":false,"Lang":"en","Page":5,"Path":"//Document/P[48]","Text":"Pintrich, P. R. and De Groot, E. V. (1990). Motivational and Self-Regulated Learning Components of Classroom Academic Performance. Journal of Educational Psychology, 82(1), 33-40. ","TextSize":7.91900634765625,"attributes":{"LineHeight":10.125}},{"Bounds":[43.62371826171875,508.7590026855469,515.7275390625,527.7725219726562],"Font":{"alt_family_name":"Titlingmes New Roman PSMT","embedded":true,"encoding":"WinAnsiEncoding","family_name":"Titlingmes New Roman PSMT","font_type":"Type1","italic":false,"monospaced":false,"name":"EDOLOM+TimesNewRomanPSMT","subset":true,"weight":400},"HasClip":false,"Lang":"en","Page":5,"Path":"//Document/P[49]","Text":"Sandí-Ureña, G. S. (2008). Design and Validation of a Multimethod Assessment of Metacognition and Study of The Effectiveness of Metacognitive Interventions. Unpublished Doctoral Dissertation. Clemson, SC: Graduate School of Clemson University. ","TextSize":7.91900634765625,"attributes":{"LineHeight":10.125}},{"Bounds":[43.62371826171875,498.67811584472656,328.7030944824219,507.6107482910156],"Font":{"alt_family_name":"Titlingmes New Roman PSMT","embedded":true,"encoding":"WinAnsiEncoding","family_name":"Titlingmes New Roman PSMT","font_type":"Type1","italic":false,"monospaced":false,"name":"EDOLOM+TimesNewRomanPSMT","subset":true,"weight":400},"HasClip":false,"Lang":"en","Page":5,"Path":"//Document/P[50]","Text":"Scarr, S. and Zanden, J. (1984). Understanding Psychology. New York: Random House. ","TextSize":7.91900634765625,"attributes":{"LineHeight":9.5}},{"Bounds":[43.62371826171875,478.76182556152344,511.4582824707031,497.7753448486328],"Font":{"alt_family_name":"Titlingmes New Roman PSMT","embedded":true,"encoding":"WinAnsiEncoding","family_name":"Titlingmes New Roman PSMT","font_type":"Type1","italic":false,"monospaced":false,"name":"EDOLOM+TimesNewRomanPSMT","subset":true,"weight":400},"HasClip":false,"Lang":"en","Page":5,"Path":"//Document/P[51]","Text":"Schraw, G. (1994). The Effect of Metacognitive Knowledge on Local and Global Monitoring. Contemporary Educational Psychology, 19, 143-154. ","TextSize":7.91900634765625,"attributes":{"LineHeight":10.125}},{"Bounds":[43.62371826171875,458.8455505371094,513.750732421875,477.6135711669922],"Font":{"alt_family_name":"Titlingmes New Roman PSMT","embedded":true,"encoding":"WinAnsiEncoding","family_name":"Titlingmes New Roman PSMT","font_type":"Type1","italic":false,"monospaced":false,"name":"EDOLOM+TimesNewRomanPSMT","subset":true,"weight":400},"HasClip":false,"Lang":"en","Page":5,"Path":"//Document/P[52]","Text":"Schraw, G. (2001). “Promoting General Metacognitive Awareness”. In H. J. Hartman (Ed.). Metacognition in Learning and Instruction: Theory, Research and Practice (pp.3-16). Dordrecht: Kluwer Acdemic Publishers. ","TextSize":7.91900634765625,"attributes":{"LineHeight":9.875}},{"Bounds":[43.62371826171875,448.76466369628906,450.1681213378906,457.6972961425781],"Font":{"alt_family_name":"Titlingmes New Roman PSMT","embedded":true,"encoding":"WinAnsiEncoding","family_name":"Titlingmes New Roman PSMT","font_type":"Type1","italic":false,"monospaced":false,"name":"EDOLOM+TimesNewRomanPSMT","subset":true,"weight":400},"HasClip":false,"Lang":"en","Page":5,"Path":"//Document/P[53]","Text":"Schraw, G. (2009). A Conceptual Analysis of Five Measures of Metacognitive Monitoring. Metacognition Learning, 4, 33-45. ","TextSize":7.91900634765625,"attributes":{"LineHeight":9.5}},{"Bounds":[43.62371826171875,428.84837341308594,515.4928894042969,447.6164093017578],"Font":{"alt_family_name":"Titlingmes New Roman PSMT","embedded":true,"encoding":"WinAnsiEncoding","family_name":"Titlingmes New Roman PSMT","font_type":"Type1","italic":false,"monospaced":false,"name":"EDOLOM+TimesNewRomanPSMT","subset":true,"weight":400},"HasClip":false,"Lang":"en","Page":5,"Path":"//Document/P[54]","Text":"Scoot, B. M. (2008). Exploring the Effects of Student Perceptions of Metacognition Across Academic Domains. Unpublished Doctoral Dissertation. Indianapolis, IN: Graduate Faculty of the Indiana University. ","TextSize":7.91900634765625,"attributes":{"LineHeight":9.875}},{"Bounds":[43.62371826171875,418.31610107421875,372.2736053466797,428.84837341308594],"Font":{"alt_family_name":"Titlingmes New Roman PSMT","embedded":true,"encoding":"WinAnsiEncoding","family_name":"Titlingmes New Roman PSMT","font_type":"Type1","italic":false,"monospaced":false,"name":"EDOLOM+TimesNewRomanPSMT","subset":true,"weight":400},"HasClip":false,"Lang":"en","Page":5,"Path":"//Document/P[55]","Text":"Senemo÷lu, N. (2005). Geliúim Ö÷renme ve Ö÷retim Kuramdan Uygulamaya. Ankara: Gazi Kitabevi. ","TextSize":7.91900634765625,"attributes":{"LineHeight":9.5}},{"Bounds":[43.61579895019531,398.85121154785156,514.0109405517578,417.6192321777344],"Font":{"alt_family_name":"Titlingmes New Roman PSMT","embedded":true,"encoding":"WinAnsiEncoding","family_name":"Titlingmes New Roman PSMT","font_type":"Type1","italic":false,"monospaced":false,"name":"EDOLOM+TimesNewRomanPSMT","subset":true,"weight":400},"HasClip":false,"Lang":"en","Page":5,"Path":"//Document/P[56]","Text":"Steinbach, J. C. (2008). The Effect of Metacognitive Strategy Instuction on Writing. Unpublished Doctoral Dissertation. Lexington, KY: The Graduate School of University of Kentucky. ","TextSize":7.91900634765625,"attributes":{"LineHeight":9.875}},{"Bounds":[43.607879638671875,378.6894226074219,513.2994842529297,397.70294189453125],"Font":{"alt_family_name":"Titlingmes New Roman PSMT","embedded":true,"encoding":"WinAnsiEncoding","family_name":"Titlingmes New Roman PSMT","font_type":"Type1","italic":false,"monospaced":false,"name":"EDOLOM+TimesNewRomanPSMT","subset":true,"weight":400},"HasClip":false,"Lang":"en","Page":5,"Path":"//Document/P[57]","Text":"Swanson, H. L. (1990). Influence of Metacognitive Knowledge and Aptitude on Problem Solving. Journal of Educational Psychology, 82(2), 306-667. ","TextSize":7.91900634765625,"attributes":{"LineHeight":10.125}},{"Bounds":[43.607879638671875,358.32176208496094,513.0628662109375,377.7866668701172],"Font":{"alt_family_name":"Titlingmes New Roman PSMT","embedded":true,"encoding":"WinAnsiEncoding","family_name":"Titlingmes New Roman PSMT","font_type":"Type1","italic":false,"monospaced":false,"name":"EDOLOM+TimesNewRomanPSMT","subset":true,"weight":400},"HasClip":false,"Lang":"en","Page":5,"Path":"//Document/P[58]","Text":"Tobias, S. and Everson, H. T. (1996). Assessing Metacognitive Knowledge Monitoring. College Board Report No.96-01. New York: The College Board. http://professionals.collegeboard.com/profdownload/pdf/RR%2096-1.PDF, Eriúim Tarihi: 10.05.2009. ","TextSize":7.91900634765625,"attributes":{"LineHeight":10.125}},{"Bounds":[43.607879638671875,328.3245849609375,479.5101013183594,357.62489318847656],"Font":{"alt_family_name":"Titlingmes New Roman PSMT","embedded":true,"encoding":"WinAnsiEncoding","family_name":"Titlingmes New Roman PSMT","font_type":"Type1","italic":false,"monospaced":false,"name":"EDOLOM+TimesNewRomanPSMT","subset":true,"weight":400},"HasClip":false,"Lang":"en","Page":5,"Path":"//Document/P[59]","Text":"Tobias, S. and Everson, H. T. (2002). Knowing What You Know and What You Don’t: Further Research on Metacognitive Knowledge Monitoring (Research Report No.2002-3). New York: The College Board. http://professionals.collegeboard.com/profdownload/pdf/071623RDCBRpt02-3.pdf, Eriúim Tarihi: 12.05.2009. ","TextSize":7.91900634765625,"attributes":{"LineHeight":10}},{"Bounds":[43.607879638671875,308.8596954345703,514.1307067871094,327.6277160644531],"Font":{"alt_family_name":"Titlingmes New Roman PSMT","embedded":true,"encoding":"WinAnsiEncoding","family_name":"Titlingmes New Roman PSMT","font_type":"Type1","italic":false,"monospaced":false,"name":"EDOLOM+TimesNewRomanPSMT","subset":true,"weight":400},"HasClip":false,"Lang":"en","Page":5,"Path":"//Document/P[60]","Text":"Tsai, C. (2001). A Review and Discussion of Epistemological Commitments, Metacognition, and Critical Thinking with Suggestion on Their Enhancement in Internet-Assisted Chemistry Classrooms. Journal of Chemical Education, 78(7), 970-974. ","TextSize":7.91900634765625,"attributes":{"LineHeight":9.875}},{"Bounds":[43.607879638671875,288.6979064941406,512.7496948242188,307.71142578125],"Font":{"alt_family_name":"Titlingmes New Roman PSMT","embedded":true,"encoding":"WinAnsiEncoding","family_name":"Titlingmes New Roman PSMT","font_type":"Type1","italic":false,"monospaced":false,"name":"EDOLOM+TimesNewRomanPSMT","subset":true,"weight":400},"HasClip":false,"Lang":"en","Page":5,"Path":"//Document/P[61]","Text":"Veenman, M. V. J., Van Hout-Wolters, B. H. A. M. and Afflerbach, P. (2006). Metacognition and Learning: Conceptual and Methodological Considerations. Metacognition and Learning, 1, 3-14. ","TextSize":7.91900634765625,"attributes":{"LineHeight":10.125}},{"Bounds":[43.59996032714844,278.8625183105469,433.59034729003906,287.8030700683594],"Font":{"alt_family_name":"Titlingmes New Roman PSMT","embedded":true,"encoding":"WinAnsiEncoding","family_name":"Titlingmes New Roman PSMT","font_type":"Type1","italic":false,"monospaced":false,"name":"EDOLOM+TimesNewRomanPSMT","subset":true,"weight":400},"HasClip":false,"Page":5,"Path":"//Document/P[62]/Sub","Text":"Wellman, H. (1985). The Child’s Theory of Mind: The Development of Conscious Cognition. San Diego: Acedemic Pres. ","TextSize":7.91900634765625,"attributes":{"Placement":"Block"}},{"Bounds":[43.592041015625,268.78955078125,411.48631286621094,277.72218322753906],"Font":{"alt_family_name":"Titlingmes New Roman PSMT","embedded":true,"encoding":"WinAnsiEncoding","family_name":"Titlingmes New Roman PSMT","font_type":"Type1","italic":false,"monospaced":false,"name":"EDOLOM+TimesNewRomanPSMT","subset":true,"weight":400},"HasClip":false,"Page":5,"Path":"//Document/P[62]/Sub[2]","Text":"Wilson, J. (1998). Assessing Metacognition: Legitimizing Metacognition as a Teaching Goal. Reflect, 4(1), 14-20. ","TextSize":7.91900634765625,"attributes":{"Placement":"Block"}}],"pages":[{"boxes":{"CropBox":[0,0,561.260009765625,759.6849975585938],"MediaBox":[0,0,561.260009765625,759.6849975585938]},"height":759.6849975585938,"page_number":0,"rotation":0,"width":561.260009765625},{"boxes":{"CropBox":[0,0,561.260009765625,759.6849975585938],"MediaBox":[0,0,561.260009765625,759.6849975585938]},"height":759.6849975585938,"page_number":1,"rotation":0,"width":561.260009765625},{"boxes":{"CropBox":[0,0,561.260009765625,759.6849975585938],"MediaBox":[0,0,561.260009765625,759.6849975585938]},"height":759.6849975585938,"page_number":2,"rotation":0,"width":561.260009765625},{"boxes":{"CropBox":[0,0,561.260009765625,759.6849975585938],"MediaBox":[0,0,561.260009765625,759.6849975585938]},"height":759.6849975585938,"page_number":3,"rotation":0,"width":561.260009765625},{"boxes":{"CropBox":[0,0,561.260009765625,759.6849975585938],"MediaBox":[0,0,561.260009765625,759.6849975585938]},"height":759.6849975585938,"page_number":4,"rotation":0,"width":561.260009765625},{"boxes":{"CropBox":[0,0,561.260009765625,759.6849975585938],"MediaBox":[0,0,561.260009765625,759.6849975585938]},"height":759.6849975585938,"page_number":5,"rotation":0,"width":561.260009765625}]}