{"version":{"json_export":"171","page_segmentation":"52","schema":"1.0.0","structure":"1.939.0","table_structure":"5"},"extended_metadata":{"ID_instance":"CD FF 41 F8 7B B2 B2 11 0A 00 67 45 8B 6B C6 23 ","ID_permanent":"33 36 20 30 30 20 33 36 20 46 38 20 37 42 20 42 32 20 42 32 20 31 31 20 30 41 20 30 30 20 36 37 20 34 35 20 38 42 20 36 42 20 43 36 20 32 33 20 ","pdf_version":"1.6","pdfa_compliance_level":"","is_encrypted":false,"has_acroform":false,"is_digitally_signed":false,"pdfua_compliance_level":"","page_count":40,"has_embedded_files":false,"is_certified":false,"is_XFA":false,"language":""},"elements":[{"Bounds":[21.600006103515625,697.6399993896484,412.58995056152344,709.6999969482422],"Font":{"alt_family_name":"Verdana","embedded":false,"encoding":"WinAnsiEncoding","family_name":"Verdana","font_type":"TrueType","italic":false,"monospaced":false,"name":"Verdana","subset":false,"weight":400},"HasClip":false,"Page":0,"Path":"//Document/P/Sub","Text":"This article was downloaded by: [University of Illinois at Urbana-Champaign] ","TextSize":10,"attributes":{"Placement":"Block"}},{"Bounds":[21.600006103515625,685.6399993896484,178.4800567626953,697.6999969482422],"Font":{"alt_family_name":"Verdana","embedded":false,"encoding":"WinAnsiEncoding","family_name":"Verdana","font_type":"TrueType","italic":false,"monospaced":false,"name":"Verdana","subset":false,"weight":400},"HasClip":false,"Page":0,"Path":"//Document/P/Sub[2]","Text":"On: 17 March 2015, At: 11:14 ","TextSize":10,"attributes":{"Placement":"Block"}},{"Bounds":[21.600006103515625,673.6399993896484,129.07992553710938,685.6999969482422],"Font":{"alt_family_name":"Verdana","embedded":false,"encoding":"WinAnsiEncoding","family_name":"Verdana","font_type":"TrueType","italic":false,"monospaced":false,"name":"Verdana","subset":false,"weight":400},"HasClip":false,"Page":0,"Path":"//Document/P/Sub[3]","Text":"Publisher: Routledge ","TextSize":10,"attributes":{"Placement":"Block"}},{"Bounds":[21.600006103515625,649.6399993896484,461.50001525878906,673.6999969482422],"Font":{"alt_family_name":"Verdana","embedded":false,"encoding":"WinAnsiEncoding","family_name":"Verdana","font_type":"TrueType","italic":false,"monospaced":false,"name":"Verdana","subset":false,"weight":400},"HasClip":false,"Lang":"en","Page":0,"Path":"//Document/P[2]","Text":"Informa Ltd Registered in England and Wales Registered Number: 1072954 Registered office: Mortimer House, 37-41 Mortimer Street, London W1T 3JH, UK ","TextSize":10,"attributes":{"LineHeight":12,"SpaceAfter":18}},{"Bounds":[21.600006103515625,446.0169982910156,144,622.9400024414062],"Page":0,"Path":"//Document/Figure","attributes":{"BBox":[21.599099999999453,446.05199999999604,143.99399999999878,622.9239999999991],"Placement":"Block"}},{"Bounds":[172.8000030517578,606.5800018310547,366.2399444580078,626.5639953613281],"Font":{"alt_family_name":"Trebuchet MS","embedded":false,"encoding":"WinAnsiEncoding","family_name":"Trebuchet MS","font_type":"TrueType","italic":false,"monospaced":false,"name":"TrebuchetMS-Bold","subset":false,"weight":700},"HasClip":false,"Lang":"en","Page":0,"Path":"//Document/H1","Text":"Cognition and Instruction ","TextSize":16,"attributes":{"LineHeight":19.25}},{"Bounds":[172.8000030517578,570.2599945068359,490.26002502441406,606.3000030517578],"Font":{"alt_family_name":"Trebuchet MS","embedded":false,"encoding":"WinAnsiEncoding","family_name":"Trebuchet MS","font_type":"TrueType","italic":false,"monospaced":false,"name":"TrebuchetMS","subset":false,"weight":400},"HasClip":false,"Lang":"en","Page":0,"Path":"//Document/P[3]","Text":"Publication details, including instructions for authors and subscription information: http://www.tandfonline.com/loi/hcgi20 ","TextSize":10,"attributes":{"LineHeight":12,"SpaceAfter":6}},{"Bounds":[172.8000030517578,485.7799987792969,494.0959014892578,563.3639984130859],"Font":{"alt_family_name":"Trebuchet MS","embedded":false,"encoding":"WinAnsiEncoding","family_name":"Trebuchet MS","font_type":"TrueType","italic":false,"monospaced":false,"name":"TrebuchetMS-Bold","subset":false,"weight":700},"HasClip":false,"Lang":"en","Page":0,"Path":"//Document/H1[2]","Text":"Development of a Cognitive-Metacognitive Framework for Protocol Analysis of Mathematical Problem Solving in Small Groups ","TextSize":16,"attributes":{"LineHeight":19.25}},{"Bounds":[172.8000030517578,473.4600067138672,349.91993713378906,485.5],"Font":{"alt_family_name":"Trebuchet MS","embedded":false,"encoding":"WinAnsiEncoding","family_name":"Trebuchet MS","font_type":"TrueType","italic":false,"monospaced":false,"name":"TrebuchetMS","subset":false,"weight":400},"HasClip":false,"Page":0,"Path":"//Document/P[4]/Sub","Text":"Alice F. Artz & Eleanor Armour-Thomas ","TextSize":10,"attributes":{"Placement":"Block"}},{"Bounds":[172.8000030517578,461.4600067138672,313.58995056152344,473.5],"Font":{"alt_family_name":"Trebuchet MS","embedded":false,"encoding":"WinAnsiEncoding","family_name":"Trebuchet MS","font_type":"TrueType","italic":false,"monospaced":false,"name":"TrebuchetMS","subset":false,"weight":400},"HasClip":false,"Page":0,"Path":"//Document/P[4]/Sub[2]","Text":"Published online: 14 Dec 2009. ","TextSize":10,"attributes":{"Placement":"Block"}},{"Bounds":[21.600006103515625,382.58299255371094,460.3000793457031,419.0030059814453],"Font":{"alt_family_name":"Trebuchet MS","embedded":false,"encoding":"WinAnsiEncoding","family_name":"Trebuchet MS","font_type":"TrueType","italic":false,"monospaced":false,"name":"TrebuchetMS","subset":false,"weight":400},"HasClip":false,"Lang":"en","Page":0,"Path":"//Document/Aside/P","Text":"To cite this article: Alice F. Artz & Eleanor Armour-Thomas (1992) Development of a Cognitive-Metacognitive Framework for Protocol Analysis of Mathematical Problem Solving in Small Groups, Cognition and Instruction, 9:2, 137-175, DOI: 10.1207/s1532690xci0902_3 ","TextSize":10,"attributes":{"LineHeight":12,"SpaceAfter":8}},{"Bounds":[21.600006103515625,362.51300048828125,340.7899475097656,375.0030059814453],"Font":{"alt_family_name":"Trebuchet MS","embedded":false,"encoding":"WinAnsiEncoding","family_name":"Trebuchet MS","font_type":"TrueType","italic":false,"monospaced":false,"name":"TrebuchetMS","subset":false,"weight":400},"HasClip":false,"Lang":"en","Page":0,"Path":"//Document/Aside/P[2]","Text":"To link to this article: http://dx.doi.org/10.1207/s1532690xci0902_3 ","TextSize":10,"attributes":{"LineHeight":12,"SpaceAfter":18}},{"Bounds":[21.600006103515625,319.26300048828125,212.949951171875,331.322998046875],"Font":{"alt_family_name":"Verdana","embedded":false,"encoding":"WinAnsiEncoding","family_name":"Verdana","font_type":"TrueType","italic":false,"monospaced":false,"name":"Verdana","subset":false,"weight":400},"HasClip":false,"Lang":"en","Page":0,"Path":"//Document/H1[3]","Text":"PLEASE SCROLL DOWN FOR ARTICLE ","TextSize":10,"attributes":{"LineHeight":12,"SpaceAfter":13.75}},{"Bounds":[21.600006103515625,185.51300048828125,490.9200134277344,305.572998046875],"Font":{"alt_family_name":"Verdana","embedded":false,"encoding":"WinAnsiEncoding","family_name":"Verdana","font_type":"TrueType","italic":false,"monospaced":false,"name":"Verdana","subset":false,"weight":400},"HasClip":false,"Lang":"en","Page":0,"Path":"//Document/Aside[2]/P","Text":"Taylor & Francis makes every effort to ensure the accuracy of all the information (the •Content•) contained in the publications on our platform. However, Taylor & Francis, our agents, and our licensors make no representations or warranties whatsoever as to the accuracy, completeness, or suitability for any purpose of the Content. Any opinions and views expressed in this publication are the opinions and views of the authors, and are not the views of or endorsed by Taylor & Francis. The accuracy of the Content should not be relied upon and should be independently verified with primary sources of information. Taylor and Francis shall not be liable for any losses, actions, claims, proceedings, demands, costs, expenses, damages, and other liabilities whatsoever or howsoever caused arising directly or indirectly in connection with, in relation to or arising out of the use of the Content. ","TextSize":10,"attributes":{"LineHeight":12,"SpaceAfter":8}},{"Bounds":[21.600006103515625,129.51300048828125,490.02996826171875,177.572998046875],"Font":{"alt_family_name":"Verdana","embedded":false,"encoding":"WinAnsiEncoding","family_name":"Verdana","font_type":"TrueType","italic":false,"monospaced":false,"name":"Verdana","subset":false,"weight":400},"HasClip":false,"Lang":"en","Page":0,"Path":"//Document/Aside[2]/P[2]","Text":"This article may be used for research, teaching, and private study purposes. Any substantial or systematic reproduction, redistribution, reselling, loan, sub-licensing, systematic supply, or distribution in any form to anyone is expressly forbidden. Terms & Conditions of access and use can be found at http://www.tandfonline.com/page/terms-and-conditions ","TextSize":10,"attributes":{"LineHeight":12}}],"pages":[{"boxes":{"CropBox":[0,0,514.5590209960938,728.6400146484375],"MediaBox":[0,0,514.5590209960938,728.6400146484375]},"height":728.6400146484375,"page_number":0,"rotation":0,"width":514.5590209960938},{"boxes":{"CropBox":[0,0,514.5599975585938,728.6400146484375],"MediaBox":[0,0,514.5599975585938,728.6400146484375]},"height":728.6400146484375,"page_number":1,"rotation":0,"width":514.5599975585938},{"boxes":{"CropBox":[0,0,514.5599975585938,728.6400146484375],"MediaBox":[0,0,514.5599975585938,728.6400146484375]},"height":728.6400146484375,"page_number":2,"rotation":0,"width":514.5599975585938},{"boxes":{"CropBox":[0,0,514.5599975585938,728.6400146484375],"MediaBox":[0,0,514.5599975585938,728.6400146484375]},"height":728.6400146484375,"page_number":3,"rotation":0,"width":514.5599975585938},{"boxes":{"CropBox":[0,0,514.5599975585938,728.6400146484375],"MediaBox":[0,0,514.5599975585938,728.6400146484375]},"height":728.6400146484375,"page_number":4,"rotation":0,"width":514.5599975585938},{"boxes":{"CropBox":[0,0,514.5599975585938,728.6400146484375],"MediaBox":[0,0,514.5599975585938,728.6400146484375]},"height":728.6400146484375,"page_number":5,"rotation":0,"width":514.5599975585938},{"boxes":{"CropBox":[0,0,518.4000244140625,731.0399780273438],"MediaBox":[0,0,518.4000244140625,731.0399780273438]},"height":731.0399780273438,"page_number":6,"rotation":0,"width":518.4000244140625},{"boxes":{"CropBox":[1.439208984375,0,515.9990234375,728.6400146484375],"MediaBox":[1.439208984375,0,515.9990234375,728.6400146484375]},"height":728.6400146484375,"page_number":7,"rotation":0,"width":514.559814453125},{"boxes":{"CropBox":[0,0,518.4000244140625,730.5599975585938],"MediaBox":[0,0,518.4000244140625,730.5599975585938]},"height":730.5599975585938,"page_number":8,"rotation":0,"width":518.4000244140625},{"boxes":{"CropBox":[0,0,518.4000244140625,730.7999877929688],"MediaBox":[0,0,518.4000244140625,730.7999877929688]},"height":730.7999877929688,"page_number":9,"rotation":0,"width":518.4000244140625},{"boxes":{"CropBox":[0,0,518.4000244140625,730.5599975585938],"MediaBox":[0,0,518.4000244140625,730.5599975585938]},"height":730.5599975585938,"page_number":10,"rotation":0,"width":518.4000244140625},{"boxes":{"CropBox":[0,0,520.3200073242188,731.760009765625],"MediaBox":[0,0,520.3200073242188,731.760009765625]},"height":731.760009765625,"page_number":11,"rotation":0,"width":520.3200073242188},{"boxes":{"CropBox":[0,0,514.5599975585938,728.6400146484375],"MediaBox":[0,0,514.5599975585938,728.6400146484375]},"height":728.6400146484375,"page_number":12,"rotation":0,"width":514.5599975585938},{"boxes":{"CropBox":[0,0,514.5599975585938,728.6400146484375],"MediaBox":[0,0,514.5599975585938,728.6400146484375]},"height":728.6400146484375,"page_number":13,"rotation":0,"width":514.5599975585938},{"boxes":{"CropBox":[0.960205078125,0,515.52001953125,728.6409912109375],"MediaBox":[0.960205078125,0,515.52001953125,728.6409912109375]},"height":728.6409912109375,"page_number":14,"rotation":0,"width":514.559814453125},{"boxes":{"CropBox":[1.439208984375,0,515.9990234375,728.6400146484375],"MediaBox":[1.439208984375,0,515.9990234375,728.6400146484375]},"height":728.6400146484375,"page_number":15,"rotation":0,"width":514.559814453125},{"boxes":{"CropBox":[0,0,514.5599975585938,728.6400146484375],"MediaBox":[0,0,514.5599975585938,728.6400146484375]},"height":728.6400146484375,"page_number":16,"rotation":0,"width":514.5599975585938},{"boxes":{"CropBox":[0,0,518.4000244140625,730.3189697265625],"MediaBox":[0,0,518.4000244140625,730.3189697265625]},"height":730.3189697265625,"page_number":17,"rotation":0,"width":518.4000244140625},{"boxes":{"CropBox":[1.439208984375,0,515.9990234375,728.6400146484375],"MediaBox":[1.439208984375,0,515.9990234375,728.6400146484375]},"height":728.6400146484375,"page_number":18,"rotation":0,"width":514.559814453125},{"boxes":{"CropBox":[0,0,514.5599975585938,728.6400146484375],"MediaBox":[0,0,514.5599975585938,728.6400146484375]},"height":728.6400146484375,"page_number":19,"rotation":0,"width":514.5599975585938},{"boxes":{"CropBox":[0,0,514.5599975585938,728.6400146484375],"MediaBox":[0,0,514.5599975585938,728.6400146484375]},"height":728.6400146484375,"page_number":20,"rotation":0,"width":514.5599975585938},{"boxes":{"CropBox":[0,0,514.5599975585938,728.6400146484375],"MediaBox":[0,0,514.5599975585938,728.6400146484375]},"height":728.6400146484375,"page_number":21,"rotation":0,"width":514.5599975585938},{"boxes":{"CropBox":[0,0,514.5599975585938,728.6400146484375],"MediaBox":[0,0,514.5599975585938,728.6400146484375]},"height":728.6400146484375,"page_number":22,"rotation":0,"width":514.5599975585938},{"boxes":{"CropBox":[0.960205078125,0,729.5999755859375,514.5599975585938],"MediaBox":[0.960205078125,0,729.5999755859375,514.5599975585938]},"height":514.5599975585938,"page_number":23,"rotation":0,"width":728.6397705078125},{"boxes":{"CropBox":[0,0,514.5599975585938,728.6400146484375],"MediaBox":[0,0,514.5599975585938,728.6400146484375]},"height":728.6400146484375,"page_number":24,"rotation":0,"width":514.5599975585938},{"boxes":{"CropBox":[0,0,518.4000244140625,731.0399780273438],"MediaBox":[0,0,518.4000244140625,731.0399780273438]},"height":731.0399780273438,"page_number":25,"rotation":0,"width":518.4000244140625},{"boxes":{"CropBox":[0,0,514.5599975585938,728.6400146484375],"MediaBox":[0,0,514.5599975585938,728.6400146484375]},"height":728.6400146484375,"page_number":26,"rotation":0,"width":514.5599975585938},{"boxes":{"CropBox":[1.439208984375,0,515.9990234375,728.6400146484375],"MediaBox":[1.439208984375,0,515.9990234375,728.6400146484375]},"height":728.6400146484375,"page_number":27,"rotation":0,"width":514.559814453125},{"boxes":{"CropBox":[2.3994140625,0,516.958984375,728.6409912109375],"MediaBox":[2.3994140625,0,516.958984375,728.6409912109375]},"height":728.6409912109375,"page_number":28,"rotation":0,"width":514.5595703125},{"boxes":{"CropBox":[0,0,514.5599975585938,728.6400146484375],"MediaBox":[0,0,514.5599975585938,728.6400146484375]},"height":728.6400146484375,"page_number":29,"rotation":0,"width":514.5599975585938},{"boxes":{"CropBox":[0,0,518.4000244140625,730.3189697265625],"MediaBox":[0,0,518.4000244140625,730.3189697265625]},"height":730.3189697265625,"page_number":30,"rotation":0,"width":518.4000244140625},{"boxes":{"CropBox":[0,0,514.5599975585938,728.6400146484375],"MediaBox":[0,0,514.5599975585938,728.6400146484375]},"height":728.6400146484375,"page_number":31,"rotation":0,"width":514.5599975585938},{"boxes":{"CropBox":[0,0,518.4000244140625,730.3189697265625],"MediaBox":[0,0,518.4000244140625,730.3189697265625]},"height":730.3189697265625,"page_number":32,"rotation":0,"width":518.4000244140625},{"boxes":{"CropBox":[0,0,514.5599975585938,728.6400146484375],"MediaBox":[0,0,514.5599975585938,728.6400146484375]},"height":728.6400146484375,"page_number":33,"rotation":0,"width":514.5599975585938},{"boxes":{"CropBox":[0,0,518.4000244140625,731.0399780273438],"MediaBox":[0,0,518.4000244140625,731.0399780273438]},"height":731.0399780273438,"page_number":34,"rotation":0,"width":518.4000244140625},{"boxes":{"CropBox":[0,0,518.4000244140625,730.5599975585938],"MediaBox":[0,0,518.4000244140625,730.5599975585938]},"height":730.5599975585938,"page_number":35,"rotation":0,"width":518.4000244140625},{"boxes":{"CropBox":[1.439208984375,0,515.9990234375,728.6400146484375],"MediaBox":[1.439208984375,0,515.9990234375,728.6400146484375]},"height":728.6400146484375,"page_number":36,"rotation":0,"width":514.559814453125},{"boxes":{"CropBox":[0.960205078125,0,515.52001953125,728.6409912109375],"MediaBox":[0.960205078125,0,515.52001953125,728.6409912109375]},"height":728.6409912109375,"page_number":37,"rotation":0,"width":514.559814453125},{"boxes":{"CropBox":[0,0,518.4000244140625,730.5599975585938],"MediaBox":[0,0,518.4000244140625,730.5599975585938]},"height":730.5599975585938,"page_number":38,"rotation":0,"width":518.4000244140625},{"boxes":{"CropBox":[0,0,514.5599975585938,728.6400146484375],"MediaBox":[0,0,514.5599975585938,728.6400146484375]},"height":728.6400146484375,"page_number":39,"rotation":0,"width":514.5599975585938}]}