{"version":{"json_export":"171","page_segmentation":"52","schema":"1.0.0","structure":"1.939.0","table_structure":"5"},"extended_metadata":{"ID_instance":"F4 A5 2D FA 7B B2 B2 11 0A 00 67 45 8B 6B C6 23 ","ID_permanent":"35 45 20 42 41 20 32 41 20 46 41 20 37 42 20 42 32 20 42 32 20 31 31 20 30 41 20 30 30 20 36 37 20 34 35 20 38 42 20 36 42 20 43 36 20 32 33 20 ","pdf_version":"1.6","pdfa_compliance_level":"","is_encrypted":false,"has_acroform":false,"is_digitally_signed":false,"pdfua_compliance_level":"","page_count":5,"has_embedded_files":false,"is_certified":false,"is_XFA":false,"language":""},"elements":[{"Bounds":[110.94000244140625,686.5319976806641,511.0260925292969,733.0079956054688],"Font":{"alt_family_name":"Arial","embedded":true,"encoding":"Identity-H","family_name":"Arial","font_type":"CIDFontType2","italic":false,"monospaced":false,"name":"LHCELI+Arial-BoldMT","subset":true,"weight":700},"HasClip":false,"Lang":"en","Page":0,"Path":"//Document/Title","Text":"Construction of Recommender System based  on Cognitive Model for “Self-Reflection” ","TextSize":18,"attributes":{"LineHeight":20.625,"SpaceAfter":9.75,"TextAlign":"Center"}},{"Bounds":[82.80000305175781,665.3040008544922,196.15293884277344,681.9120025634766],"Font":{"alt_family_name":"Titlingmes New Roman PS","embedded":true,"encoding":"Identity-H","family_name":"Titlingmes New Roman PS","font_type":"CIDFontType2","italic":false,"monospaced":false,"name":"LHCEMJ+TimesNewRomanPS-BoldMT","subset":true,"weight":700},"HasClip":false,"Lang":"en","Page":0,"Path":"//Document/H1","Text":"Yoshimasa Tawatsuji ","TextSize":12,"attributes":{"LineHeight":14.375}},{"Bounds":[92.16000366210938,651.8760070800781,186.73800659179688,668.0399932861328],"Font":{"alt_family_name":"Titlingmes New Roman PSMT","embedded":true,"encoding":"Identity-H","family_name":"Titlingmes New Roman PSMT","font_type":"CIDFontType2","italic":false,"monospaced":false,"name":"LHCENJ+TimesNewRomanPSMT","subset":true,"weight":400},"HasClip":false,"Page":0,"Path":"//Document/P/Sub","Text":"Waseda University ","TextSize":12,"attributes":{"Placement":"Block"}},{"Bounds":[102,638.0760040283203,177.00625610351562,654.2400054931641],"Font":{"alt_family_name":"Titlingmes New Roman PSMT","embedded":true,"encoding":"Identity-H","family_name":"Titlingmes New Roman PSMT","font_type":"CIDFontType2","italic":false,"monospaced":false,"name":"LHCENJ+TimesNewRomanPSMT","subset":true,"weight":400},"HasClip":false,"Page":0,"Path":"//Document/P/Sub[2]","Text":"Saitama, Japan ","TextSize":12,"attributes":{"Placement":"Block"}},{"Bounds":[70.67999267578125,624.2760009765625,208.345458984375,640.4400024414062],"Font":{"alt_family_name":"Titlingmes New Roman PSMT","embedded":true,"encoding":"Identity-H","family_name":"Titlingmes New Roman PSMT","font_type":"CIDFontType2","italic":false,"monospaced":false,"name":"LHCENJ+TimesNewRomanPSMT","subset":true,"weight":400},"HasClip":false,"Page":0,"Path":"//Document/P/Sub[3]","Text":"y.tawatsuji@aoni.waseda.jp ","TextSize":12,"attributes":{"Placement":"Block"}},{"Bounds":[272.4600067138672,665.3040008544922,342.46470642089844,681.9120025634766],"Font":{"alt_family_name":"Titlingmes New Roman PS","embedded":true,"encoding":"Identity-H","family_name":"Titlingmes New Roman PS","font_type":"CIDFontType2","italic":false,"monospaced":false,"name":"LHCEMJ+TimesNewRomanPS-BoldMT","subset":true,"weight":700},"HasClip":false,"Lang":"en","Page":0,"Path":"//Document/H1[2]","Text":"Yuki Yasuda ","TextSize":12,"attributes":{"LineHeight":14.375,"SpaceAfter":18,"TextAlign":"Center"}},{"Bounds":[260.1600036621094,651.8760070800781,354.7380065917969,668.0399932861328],"Font":{"alt_family_name":"Titlingmes New Roman PSMT","embedded":true,"encoding":"Identity-H","family_name":"Titlingmes New Roman PSMT","font_type":"CIDFontType2","italic":false,"monospaced":false,"name":"LHCENJ+TimesNewRomanPSMT","subset":true,"weight":400},"HasClip":false,"Page":0,"Path":"//Document/P[2]/Sub","Text":"Waseda University ","TextSize":12,"attributes":{"Placement":"Block"}},{"Bounds":[270,638.0760040283203,345.0062561035156,654.2400054931641],"Font":{"alt_family_name":"Titlingmes New Roman PSMT","embedded":true,"encoding":"Identity-H","family_name":"Titlingmes New Roman PSMT","font_type":"CIDFontType2","italic":false,"monospaced":false,"name":"LHCENJ+TimesNewRomanPSMT","subset":true,"weight":400},"HasClip":false,"Page":0,"Path":"//Document/P[2]/Sub[2]","Text":"Saitama, Japan ","TextSize":12,"attributes":{"Placement":"Block"}},{"Bounds":[227.4600067138672,625.4891357421875,387.2654113769531,640.2792053222656],"Font":{"alt_family_name":"Titlingmes New Roman PSMT","embedded":true,"encoding":"Identity-H","family_name":"Titlingmes New Roman PSMT","font_type":"CIDFontType2","italic":false,"monospaced":false,"name":"LHCENJ+TimesNewRomanPSMT","subset":true,"weight":400},"HasClip":false,"Page":0,"Path":"//Document/P[2]/Sub[3]","Text":"gomikuzu.binbin@akane.waseda.jp ","TextSize":10.979995727539062,"attributes":{"Placement":"Block"}},{"Bounds":[429.1199951171875,665.3040008544922,521.81787109375,681.9120025634766],"Font":{"alt_family_name":"Titlingmes New Roman PS","embedded":true,"encoding":"Identity-H","family_name":"Titlingmes New Roman PS","font_type":"CIDFontType2","italic":false,"monospaced":false,"name":"LHCEMJ+TimesNewRomanPS-BoldMT","subset":true,"weight":700},"HasClip":false,"Lang":"en","Page":0,"Path":"//Document/H1[3]","Text":"Tatsunori Matsui ","TextSize":12,"attributes":{"LineHeight":14.375}},{"Bounds":[428.1600036621094,651.8760070800781,522.7380065917969,668.0399932861328],"Font":{"alt_family_name":"Titlingmes New Roman PSMT","embedded":true,"encoding":"Identity-H","family_name":"Titlingmes New Roman PSMT","font_type":"CIDFontType2","italic":false,"monospaced":false,"name":"LHCENJ+TimesNewRomanPSMT","subset":true,"weight":400},"HasClip":false,"Page":0,"Path":"//Document/P[3]/Sub","Text":"Waseda University ","TextSize":12,"attributes":{"Placement":"Block"}},{"Bounds":[438,638.0760040283203,513.0062561035156,654.2400054931641],"Font":{"alt_family_name":"Titlingmes New Roman PSMT","embedded":true,"encoding":"Identity-H","family_name":"Titlingmes New Roman PSMT","font_type":"CIDFontType2","italic":false,"monospaced":false,"name":"LHCENJ+TimesNewRomanPSMT","subset":true,"weight":400},"HasClip":false,"Page":0,"Path":"//Document/P[3]/Sub[2]","Text":"Saitama, Japan ","TextSize":12,"attributes":{"Placement":"Block"}},{"Bounds":[424.97999572753906,624.2760009765625,526.1172637939453,640.4400024414062],"Font":{"alt_family_name":"Titlingmes New Roman PSMT","embedded":true,"encoding":"Identity-H","family_name":"Titlingmes New Roman PSMT","font_type":"CIDFontType2","italic":false,"monospaced":false,"name":"LHCENJ+TimesNewRomanPSMT","subset":true,"weight":400},"HasClip":false,"Page":0,"Path":"//Document/P[3]/Sub[3]","Text":"matsui-t@waseda.jp ","TextSize":12,"attributes":{"Placement":"Block"}},{"Bounds":[54,590.5559997558594,105.38526916503906,603.4440002441406],"Font":{"alt_family_name":"Arial","embedded":true,"encoding":"Identity-H","family_name":"Arial","font_type":"CIDFontType2","italic":false,"monospaced":false,"name":"LHCELI+Arial-BoldMT","subset":true,"weight":700},"HasClip":false,"Lang":"en","Page":0,"Path":"//Document/H2","Text":"ABSTRACT ","TextSize":9,"attributes":{"LineHeight":10.75}},{"Bounds":[53.97996520996094,407.0995788574219,298.2746887207031,593.0807952880859],"Font":{"alt_family_name":"Titlingmes New Roman PSMT","embedded":true,"encoding":"Identity-H","family_name":"Titlingmes New Roman PSMT","font_type":"CIDFontType2","italic":false,"monospaced":false,"name":"LHCENJ+TimesNewRomanPSMT","subset":true,"weight":400},"HasClip":false,"Lang":"en","Page":0,"Path":"//Document/P[4]","Text":"Every human processes a set of mental schemas for problem solving. We develop and improve these schemas by reflecting on our experiences with errors, which is a type of metacognition (Kayashima, 2008). In this study, we proposed a cognitive model of this “self-reflection” process based on Kayashima’s two-layer working memory model, and developed a food recommender system using our cognitive model. In the test simulation, the users were satisfied with the foods that the system recommended, although the recommendation results were unexpected to the users. This implied the system practically worked to satisfy the user’s expectation. On the other hand, the candidate recommendations which the system selected as its final output were different from those provided by the users. This suggests that the cognitive model needs improvement in terms of psychological reality. ","TextSize":10.020004272460938,"attributes":{"LineHeight":11.5,"SpaceAfter":5.75,"TextAlign":"Justify"}},{"Bounds":[54,390.21600341796875,131.31101989746094,403.10400390625],"Font":{"alt_family_name":"Arial","embedded":true,"encoding":"Identity-H","family_name":"Arial","font_type":"CIDFontType2","italic":false,"monospaced":false,"name":"LHCELI+Arial-BoldMT","subset":true,"weight":700},"HasClip":false,"Lang":"en","Page":0,"Path":"//Document/H3","Text":"Author Keywords ","TextSize":9,"attributes":{"LineHeight":10.75}},{"Bounds":[54,367.7809753417969,297.7760925292969,392.7407989501953],"Font":{"alt_family_name":"Titlingmes New Roman PSMT","embedded":true,"encoding":"Identity-H","family_name":"Titlingmes New Roman PSMT","font_type":"CIDFontType2","italic":false,"monospaced":false,"name":"LHCENJ+TimesNewRomanPSMT","subset":true,"weight":400},"HasClip":false,"Lang":"en","Page":0,"Path":"//Document/P[5]","Text":"self-reflection; cognitive model; recommender system; meta-cognition.  ","TextSize":10.020004272460938,"attributes":{"LineHeight":11.5,"SpaceAfter":5.75}},{"Bounds":[54,350.8560028076172,125.29042053222656,363.74400329589844],"Font":{"alt_family_name":"Arial","embedded":true,"encoding":"Identity-H","family_name":"Arial","font_type":"CIDFontType2","italic":false,"monospaced":false,"name":"LHCELI+Arial-BoldMT","subset":true,"weight":700},"HasClip":false,"Lang":"en","Page":0,"Path":"//Document/H2[2]","Text":"INTRODUCTION ","TextSize":9,"attributes":{"LineHeight":10.75}},{"Bounds":[53.98225402832031,201.90594482421875,302.4281768798828,353.4384002685547],"Font":{"alt_family_name":"Titlingmes New Roman PSMT","embedded":true,"encoding":"Identity-H","family_name":"Titlingmes New Roman PSMT","font_type":"CIDFontType2","italic":false,"monospaced":false,"name":"LHCENJ+TimesNewRomanPSMT","subset":true,"weight":400},"HasClip":false,"Lang":"en","Page":0,"Path":"//Document/P[6]","Text":"It is important for human beings to acquire problem solving skills to deal with the various problems that they face each day. Metacognition can be defined as the human ability to acquire such problem solving skills [1, 2]. By using metacognition, human beings can observe and improve the problem-solving strategies that they apply. In general, humans avoid committing the same mistakes by improving their strategies. However, it is not clear how people use failure experiences for metacognition and how they improve problem-solving strategies. In this research, we define the refinement of problem-solving skills based on human failure experiences as self-reflection, and attempt to construct a cognitive model expressing the self-reflection process.  ","TextSize":10.020004272460938,"attributes":{"LineHeight":11.5,"SpaceAfter":14.25,"TextAlign":"Justify"}},{"Bounds":[53.99201965332031,96.12930297851562,295.78668212890625,189.67930603027344],"ClipBounds":[53.99201965332031,96.12930297851562,295.78668212890625,189.67930603027344],"Font":{"alt_family_name":"Titlingmes New Roman PS","embedded":true,"encoding":"WinAnsiEncoding","family_name":"Titlingmes New Roman PS","font_type":"TrueType","italic":true,"monospaced":false,"name":"LHCFAM+TimesNewRomanPS-ItalicMT","subset":true,"weight":400},"HasClip":false,"Lang":"en","Page":0,"Path":"//Document/P[7]","Text":"Permission to make digital or hard copies of all or part of this work for personal or classroom use is granted without fee provided that copies are not made or distributed for profit or commercial advantage and that copies bear this notice and the full citation on the first page. Copyrights for components of this work owned by others than the ACM must be honored. Abstracting with credit is permitted. To copy otherwise, or republish, to post on servers or to redistribute to lists, requires prior specific permission and/or a fee. Request permissions from permissions@acm.org. HAI 2017, Octobor 17-20, 2017, Bielefeld, Germany © 2017 ACM ISBN 978-1-4503-5113-3/17/10…$15.00. ","TextSize":7.9799957275390625,"attributes":{"LineHeight":9.25}},{"Bounds":[53.99839782714844,86.76873779296875,214.9199981689453,97.51780700683594],"Font":{"alt_family_name":"Titlingmes New Roman PSMT","embedded":true,"encoding":"Identity-H","family_name":"Titlingmes New Roman PSMT","font_type":"CIDFontType2","italic":false,"monospaced":false,"name":"LHCENJ+TimesNewRomanPSMT","subset":true,"weight":400},"HasClip":false,"Lang":"en","Page":0,"Path":"//Document/P[8]","Text":"DOI: http://dx.doi.org/10.1145/3125739.3132612 ","TextSize":7.9799957275390625,"attributes":{"LineHeight":9.625}},{"Bounds":[316.7868194580078,463.4179229736328,560.6583251953125,603.4273834228516],"Font":{"alt_family_name":"Titlingmes New Roman PSMT","embedded":true,"encoding":"Identity-H","family_name":"Titlingmes New Roman PSMT","font_type":"CIDFontType2","italic":false,"monospaced":false,"name":"LHCENJ+TimesNewRomanPSMT","subset":true,"weight":400},"HasClip":false,"Lang":"en","Page":0,"Path":"//Document/P[9]","Text":"Self-reflection is a cognitive activity that is performed internally. We aim to construct a cognitive model expressing the self-reflection process, oriented towards the constructive approach. In this study, we deal the task of food recommendation. Generally, in this domain, it is difficult for the recommender system of a content-based filtering method to make unexpected but satisfying recommendations to the user. This problem is caused by the fact that human preferences are dynamic, even if the system builds a preference model based on the user's history. In this case, the self-reflection function should be able to modify the system to adapt to the user’s preferences. ","TextSize":10.020004272460938,"attributes":{"LineHeight":11.5,"SpaceAfter":5.625,"TextAlign":"Justify"}},{"Bounds":[316.8000030517578,446.5559997558594,405.35626220703125,459.4440002441406],"Font":{"alt_family_name":"Arial","embedded":true,"encoding":"Identity-H","family_name":"Arial","font_type":"CIDFontType2","italic":false,"monospaced":false,"name":"LHCELI+Arial-BoldMT","subset":true,"weight":700},"HasClip":false,"Lang":"en","Page":0,"Path":"//Document/H2[3]","Text":"PROPOSED MODEL ","TextSize":9,"attributes":{"LineHeight":10.75,"SpaceAfter":6.25}},{"Bounds":[316.8000030517578,420.19500732421875,560.6588592529297,442.47900390625],"Font":{"alt_family_name":"Arial","embedded":true,"encoding":"WinAnsiEncoding","family_name":"Arial","font_type":"TrueType","italic":true,"monospaced":false,"name":"LHCEOL+Arial-ItalicMT","subset":true,"weight":400},"HasClip":false,"Lang":"en","Page":0,"Path":"//Document/H3[2]","Text":"Kayashima’s model for problem solving: Two Layer Working Memory Model ","TextSize":9,"attributes":{"LineHeight":10.375}},{"Bounds":[316.78997802734375,316.8800964355469,560.6064605712891,422.4407958984375],"Font":{"alt_family_name":"Titlingmes New Roman PSMT","embedded":true,"encoding":"Identity-H","family_name":"Titlingmes New Roman PSMT","font_type":"CIDFontType2","italic":false,"monospaced":false,"name":"LHCENJ+TimesNewRomanPSMT","subset":true,"weight":400},"HasClip":false,"Lang":"en","Page":0,"Path":"//Document/P[10]","Text":"Many literatures have dealt with metacognition, especially the learning support for metacognitive activities in the field of Artificial Intelligence in Education and Learning Science. Kayashima et al. [3] provided an explicit description for metacognitive activities and proposed the two-layer WM model. This model provides an explanation for the mechanism of cognitive operation (e.g. observation) to cognitive activity, and in this point, this model can be effective to represent the self-reflection process as well. ","TextSize":10.020004272460938,"attributes":{"LineHeight":11.5,"SpaceAfter":5.875,"TextAlign":"Justify"}},{"Bounds":[316.7699432373047,126.880859375,560.5941314697266,312.9221954345703],"Font":{"alt_family_name":"Titlingmes New Roman PSMT","embedded":true,"encoding":"Identity-H","family_name":"Titlingmes New Roman PSMT","font_type":"CIDFontType2","italic":false,"monospaced":false,"name":"LHCENJ+TimesNewRomanPSMT","subset":true,"weight":400},"HasClip":false,"Lang":"en","Page":0,"Path":"//Document/P[11]","Text":"The model assumed that general problem-solving is a state of transition of the WM influenced by five cognitive activities: “observation,” “rehearsal,” “evaluation,” “virtual application,” and “selection.” Observation involves carefully looking at the subject and generating the model as the product in the WM. Rehearsal involves keeping the product in the WM to support complicated cognitive operations. Evaluation involves making it possible to search for applicable operators from the knowledge base. The virtual application involves virtually executing an applicable operator in the knowledge base to generate an action list. Selection involves selecting an optimal operator from the results of the virtual application and generating a list of operators to actually apply (action list). When applying the generated action list, the WM's products shifts to new products. ","TextSize":10.020004272460938,"attributes":{"LineHeight":11.5,"SpaceAfter":6,"TextAlign":"Justify"}},{"Bounds":[316.7799530029297,74.85702514648438,560.5802764892578,122.86283874511719],"Font":{"alt_family_name":"Titlingmes New Roman PSMT","embedded":true,"encoding":"Identity-H","family_name":"Titlingmes New Roman PSMT","font_type":"CIDFontType2","italic":false,"monospaced":false,"name":"LHCENJ+TimesNewRomanPSMT","subset":true,"weight":400},"HasClip":false,"Lang":"en","Page":0,"Path":"//Document/P[12]","Text":"In the WM upper layer, metacognitive activities can be described as cognitive activities that observe and coordinate cognitive activities performed in the WM lower layer. There are two ways to generate products from this metacognitive ","TextSize":10.020004272460938,"attributes":{"LineHeight":11.5,"TextAlign":"Justify"}},{"Bounds":[53.97999572753906,649.5260925292969,297.9156799316406,732.0408020019531],"Font":{"alt_family_name":"Titlingmes New Roman PSMT","embedded":true,"encoding":"Identity-H","family_name":"Titlingmes New Roman PSMT","font_type":"CIDFontType2","italic":false,"monospaced":false,"name":"LHCENJ+TimesNewRomanPSMT","subset":true,"weight":400},"HasClip":false,"Lang":"en","Page":1,"Path":"//Document/P[13]","Text":"activity: reflection in action and reflection on action. The former involves coordinating the cognitive operation in the lower layer and observation thereof in parallel, and generating the observation results in the upper layer as a product. The latter involves observing the products (i.e., cognitive operation process to a product) in the lower layer and generating the process as a product in the upper layer. ","TextSize":10.020004272460938,"attributes":{"LineHeight":11.5,"SpaceAfter":5.875,"TextAlign":"Justify"}},{"Bounds":[54,632.9550018310547,200.5164337158203,644.8619995117188],"Font":{"alt_family_name":"Arial","embedded":true,"encoding":"WinAnsiEncoding","family_name":"Arial","font_type":"TrueType","italic":true,"monospaced":false,"name":"LHCEOL+Arial-ItalicMT","subset":true,"weight":400},"HasClip":false,"Lang":"en","Page":1,"Path":"//Document/H3[3]","Text":"Proposed model for problem solving ","TextSize":9,"attributes":{"LineHeight":10.75}},{"Bounds":[54,472.20545959472656,297.8796691894531,635.2008056640625],"Font":{"alt_family_name":"Titlingmes New Roman PSMT","embedded":true,"encoding":"Identity-H","family_name":"Titlingmes New Roman PSMT","font_type":"CIDFontType2","italic":false,"monospaced":false,"name":"LHCENJ+TimesNewRomanPSMT","subset":true,"weight":400},"HasClip":false,"Lang":"en","Page":1,"Path":"//Document/P[14]","Text":"We attempted to model self-reflection based on the two-layer WM model. Our model focuses on the reflection on action. Previous studies suggest that the failure experience lets humans generate, transpose, and improve strategies [4, 5]. Chiken et al. [6] suggested that strategies are generated by knowledge construction from the failure experience. They also suggested that failure knowledge can be organized into six categories: event, background, process, cause, coping, and summary. In other words, the reflection on action process implies the acquisition of metacognitive knowledge by organizing the failure experience from these categories [7]. Above all, self-reflection is defined as \"constructing a strategy by reflection on action through the construction of failure knowledge.\" ","TextSize":10.020004272460938,"attributes":{"LineHeight":11.5,"SpaceAfter":6,"TextAlign":"Justify"}},{"Bounds":[54.02000427246094,339.64085388183594,297.7743835449219,468.18743896484375],"Font":{"alt_family_name":"Titlingmes New Roman PSMT","embedded":true,"encoding":"Identity-H","family_name":"Titlingmes New Roman PSMT","font_type":"CIDFontType2","italic":false,"monospaced":false,"name":"LHCENJ+TimesNewRomanPSMT","subset":true,"weight":400},"HasClip":false,"Lang":"en","Page":1,"Path":"//Document/P[15]","Text":"A conceptual model of self-reflection is shown in Figure 1. The model shows that 1) failure feedback triggers the construction of the failure knowledge. 2) To identify the cause product, trial and error of coping (through virtual application) and observation of the result are carried out. 3) As the cause is specified, the background, coping, and cause product are associated with each other. Finally, 4) the association is stored in long-term memory (LTM). The stored strategies in LTM can be easily accessed to adjust cognitive operations in the WM lower layer during the next problem resolution (i.e., reflection in action). ","TextSize":10.020004272460938,"attributes":{"LineHeight":11.5,"SpaceAfter":10.25,"TextAlign":"Justify"}},{"Bounds":[53.75999450683594,203.75999450683594,296.63999938964844,334.79998779296875],"Page":1,"Path":"//Document/Figure","attributes":{"BBox":[53.757799999999406,203.78399999999965,296.627999999997,334.8189999999886],"Placement":"Block"}},{"Bounds":[87.1199951171875,186.70799255371094,264.4513702392578,199.16400146484375],"Font":{"alt_family_name":"Titlingmes New Roman PS","embedded":true,"encoding":"Identity-H","family_name":"Titlingmes New Roman PS","font_type":"CIDFontType2","italic":false,"monospaced":false,"name":"LHCEMJ+TimesNewRomanPS-BoldMT","subset":true,"weight":700},"HasClip":false,"Lang":"en","Page":1,"Path":"//Document/P[16]","Text":"Figure 1. Conceptual model for self-reflection ","TextSize":9,"attributes":{"LineHeight":10.75,"SpaceAfter":5.5,"TextAlign":"Center"}},{"Bounds":[54.00004577636719,169.95899963378906,177.06236267089844,182.8470001220703],"Font":{"alt_family_name":"Arial","embedded":true,"encoding":"Identity-H","family_name":"Arial","font_type":"CIDFontType2","italic":false,"monospaced":false,"name":"LHCELI+Arial-BoldMT","subset":true,"weight":700},"HasClip":false,"Lang":"en","Page":1,"Path":"//Document/H2[4]","Text":"SYSTEM IMPLEMENTATION ","TextSize":9,"attributes":{"LineHeight":10.75,"SpaceAfter":5.75}},{"Bounds":[54.00004577636719,153.97500610351562,180.6045379638672,165.8820037841797],"Font":{"alt_family_name":"Arial","embedded":true,"encoding":"WinAnsiEncoding","family_name":"Arial","font_type":"TrueType","italic":true,"monospaced":false,"name":"LHCEOL+Arial-ItalicMT","subset":true,"weight":400},"HasClip":false,"Lang":"en","Page":1,"Path":"//Document/H3[4]","Text":"Food recommendation function ","TextSize":9,"attributes":{"LineHeight":10.75}},{"Bounds":[53.97999572753906,85.16920471191406,297.79185485839844,156.16090393066406],"Font":{"alt_family_name":"Titlingmes New Roman PSMT","embedded":true,"encoding":"Identity-H","family_name":"Titlingmes New Roman PSMT","font_type":"CIDFontType2","italic":false,"monospaced":false,"name":"LHCENJ+TimesNewRomanPSMT","subset":true,"weight":400},"HasClip":false,"Page":1,"Path":"//Document/P[17]/ParagraphSpan","Text":"The food recommendation function performs cognitive operations in the WM lower layer in Kayashima’s model. The problem-solving task of the system can be stated as reducing the number of food recommendation candidates using the cognitive operation module. Then, a food recommendation candidate is regarded as a product of this ","TextSize":10.020004272460938},{"Bounds":[316.78627014160156,707.0104064941406,560.4686279296875,732.0303344726562],"Font":{"alt_family_name":"Titlingmes New Roman PSMT","embedded":true,"encoding":"Identity-H","family_name":"Titlingmes New Roman PSMT","font_type":"CIDFontType2","italic":false,"monospaced":false,"name":"LHCENJ+TimesNewRomanPSMT","subset":true,"weight":400},"HasClip":false,"Page":1,"Path":"//Document/P[17]/ParagraphSpan[2]","Text":"system. For this system, we built an observation, virtual application, and selection modules. ","TextSize":10.020004272460938},{"Bounds":[316.7562713623047,551.5200347900391,563.0912017822266,703.0525054931641],"Font":{"alt_family_name":"Titlingmes New Roman PSMT","embedded":true,"encoding":"Identity-H","family_name":"Titlingmes New Roman PSMT","font_type":"CIDFontType2","italic":false,"monospaced":false,"name":"LHCENJ+TimesNewRomanPSMT","subset":true,"weight":400},"HasClip":false,"Lang":"en","Page":1,"Path":"//Document/P[18]","Text":"The observation module observes the conditions of the food recommendation task. It receives context information as input from the user and then selects two contexts that the user might consider important. It’s suggested that contextual information should work in recommender systems [8]. The virtual application module narrows down the recommendation candidates, which is the product, based on the observation results. We implemented three methods to determine the food candidates whose context values are 1) close to the user’s input values, 2) high, and 3) low. This module generates three types of candidates. The selection module compares each output and then identifies the candidate as next product that meets the user's preference. ","TextSize":10.020004272460938,"attributes":{"LineHeight":11.5,"SpaceAfter":6,"TextAlign":"Justify"}},{"Bounds":[316.74627685546875,395.9695587158203,560.593017578125,547.5020141601562],"Font":{"alt_family_name":"Titlingmes New Roman PSMT","embedded":true,"encoding":"Identity-H","family_name":"Titlingmes New Roman PSMT","font_type":"CIDFontType2","italic":false,"monospaced":false,"name":"LHCENJ+TimesNewRomanPSMT","subset":true,"weight":400},"HasClip":false,"Lang":"en","Page":1,"Path":"//Document/P[19]","Text":"The database of meals used for the recommendations of this system was constructed based on a questionnaire survey. One hundred two culinary genres were selected from the most specific culinary genre registered in Tabelog (https://tabelog.com/cat_lst/, 2016/09/01). Fourteen subjects were asked to assign the corresponding context values when deciding what food to eat (e.g. “when you decide to eat pizza, your budget is…”) using a 10-point Likert Scale. The context represented the budget, outside temperature he/she felt, number of people to eat with, time passed since he/she woke, and degree of hunger. These context values represent the conditions based on which the food will be chosen. Each food in database had the average context values. ","TextSize":10.020004272460938,"attributes":{"LineHeight":11.5,"SpaceAfter":5.875,"TextAlign":"Justify"}},{"Bounds":[316.8000030517578,379.51499938964844,414.3100891113281,391.4219970703125],"Font":{"alt_family_name":"Arial","embedded":true,"encoding":"WinAnsiEncoding","family_name":"Arial","font_type":"TrueType","italic":true,"monospaced":false,"name":"LHCEOL+Arial-ItalicMT","subset":true,"weight":400},"HasClip":false,"Lang":"en","Page":1,"Path":"//Document/H3[5]","Text":"“Self-reflection” function ","TextSize":9,"attributes":{"LineHeight":10.75}},{"Bounds":[316.8000030517578,184.1965789794922,560.7665557861328,381.7008056640625],"Font":{"alt_family_name":"Titlingmes New Roman PSMT","embedded":true,"encoding":"Identity-H","family_name":"Titlingmes New Roman PSMT","font_type":"CIDFontType2","italic":false,"monospaced":false,"name":"LHCENJ+TimesNewRomanPSMT","subset":true,"weight":400},"HasClip":false,"Lang":"en","Page":1,"Path":"//Document/P[20]","Text":"The self-reflection function is represented by two modules: reflection module and conscious observation module. The reflection module generates and improves strategies based on failure knowledge. The failure knowledge construction begins as the user refuses a recommendation. Specifically, the food recommendation function is repeated. In this case, the combination of all the contexts (here called “virtual-context”) is used (i.e., 5 × 4 = 20 foods were chosen), and all results are arranged in a list. When the list is displayed to the user, the user selects one food from the list. Then, the module determines the cause product from the selected food, in comparison to recommended food. The cause product can be referred to as the “context of interest” in recommendation or “narrowing down method.” If the context of interest is the same as the context of recommended food, the narrowing down method that the system adapted is considered as the cause product of the failure experience. ","TextSize":10.020004272460938,"attributes":{"LineHeight":11.5,"SpaceAfter":5.875,"TextAlign":"Justify"}},{"Bounds":[316.80999755859375,74.677978515625,560.6564788818359,180.17855834960938],"Font":{"alt_family_name":"Titlingmes New Roman PSMT","embedded":true,"encoding":"Identity-H","family_name":"Titlingmes New Roman PSMT","font_type":"CIDFontType2","italic":false,"monospaced":false,"name":"LHCENJ+TimesNewRomanPSMT","subset":true,"weight":400},"HasClip":false,"Lang":"en","Page":1,"Path":"//Document/P[21]","Text":"The conscious observation module adjusts the meal recommendation function based on the strategies constructed in the reflection module. This module works whenever a similar situation as that of a recommendation failure occurs at the start of the recommendation. When the conscious observation module is activated, it displays to the user which part of the internal processing of the food recommendation by the system was changed. For example, the system said “I previously made a mistake in a similar situation. The recom- ","TextSize":10.020004272460938,"attributes":{"LineHeight":11.5,"TextAlign":"Justify"}},{"Bounds":[67.91999816894531,453.1199951171875,544.0800018310547,731.0399932861328],"Page":2,"Path":"//Document/Figure[2]","attributes":{"BBox":[67.91719999999987,453.1339999999909,544.05799999999,731.0419999999867],"Placement":"Block"}},{"Bounds":[54,436.00799560546875,530.7318725585938,448.46400451660156],"Font":{"alt_family_name":"Titlingmes New Roman PS","embedded":true,"encoding":"Identity-H","family_name":"Titlingmes New Roman PS","font_type":"CIDFontType2","italic":false,"monospaced":false,"name":"LHCEMJ+TimesNewRomanPS-BoldMT","subset":true,"weight":700},"HasClip":false,"Lang":"en","Page":2,"Path":"//Document/P[22]","Text":"Figure 2. System diagram: The blue and orange part indicate the recommendation and self-reflection function, respectively. ","TextSize":9,"attributes":{"LineHeight":10.75,"SpaceAfter":5.625}},{"Bounds":[54,384.21498107910156,299.69078063964844,432.2207946777344],"Font":{"alt_family_name":"Titlingmes New Roman PSMT","embedded":true,"encoding":"Identity-H","family_name":"Titlingmes New Roman PSMT","font_type":"CIDFontType2","italic":false,"monospaced":false,"name":"LHCENJ+TimesNewRomanPSMT","subset":true,"weight":400},"HasClip":false,"Lang":"en","Page":2,"Path":"//Document/P[23]","Text":"mended food was yakisoba but you preferred yakiniku. I should have taken into consideration the budget and the number of persons eating with you. Perhaps, the number of persons is important to you! Therefore, in this case, …” ","TextSize":10.020004272460938,"attributes":{"LineHeight":11.5,"SpaceAfter":5.75,"TextAlign":"Justify"}},{"Bounds":[54,367.29600524902344,122.47953796386719,380.1840057373047],"Font":{"alt_family_name":"Arial","embedded":true,"encoding":"Identity-H","family_name":"Arial","font_type":"CIDFontType2","italic":false,"monospaced":false,"name":"LHCELI+Arial-BoldMT","subset":true,"weight":700},"HasClip":false,"Lang":"en","Page":2,"Path":"//Document/H2[5]","Text":"EXPERIMENT 1 ","TextSize":9,"attributes":{"LineHeight":10.75,"SpaceAfter":5.625}},{"Bounds":[54,351.25799560546875,89.95672607421875,363.1649932861328],"Font":{"alt_family_name":"Arial","embedded":true,"encoding":"WinAnsiEncoding","family_name":"Arial","font_type":"TrueType","italic":true,"monospaced":false,"name":"LHCEOL+Arial-ItalicMT","subset":true,"weight":400},"HasClip":false,"Lang":"en","Page":2,"Path":"//Document/H3[6]","Text":"Purpose ","TextSize":9,"attributes":{"LineHeight":10.75}},{"Bounds":[53.99000549316406,305.49497985839844,297.9022674560547,353.50079345703125],"Font":{"alt_family_name":"Titlingmes New Roman PSMT","embedded":true,"encoding":"Identity-H","family_name":"Titlingmes New Roman PSMT","font_type":"CIDFontType2","italic":false,"monospaced":false,"name":"LHCENJ+TimesNewRomanPSMT","subset":true,"weight":400},"HasClip":false,"Lang":"en","Page":2,"Path":"//Document/P[24]","Text":"The purpose of this experiment is to verify the usefulness of the reflection function and to collect the items recommended by the system for assessing the metacognitive model (ref. Section “Experiment 2”). ","TextSize":10.020004272460938,"attributes":{"LineHeight":11.5,"SpaceAfter":5.875,"TextAlign":"Justify"}},{"Bounds":[54,288.91510009765625,97.9447021484375,300.8220977783203],"Font":{"alt_family_name":"Arial","embedded":true,"encoding":"WinAnsiEncoding","family_name":"Arial","font_type":"TrueType","italic":true,"monospaced":false,"name":"LHCEOL+Arial-ItalicMT","subset":true,"weight":400},"HasClip":false,"Lang":"en","Page":2,"Path":"//Document/H3[7]","Text":"Procedure ","TextSize":9,"attributes":{"LineHeight":10.75}},{"Bounds":[54,82.13368225097656,297.89959716796875,291.16090393066406],"Font":{"alt_family_name":"Titlingmes New Roman PSMT","embedded":true,"encoding":"Identity-H","family_name":"Titlingmes New Roman PSMT","font_type":"CIDFontType2","italic":false,"monospaced":false,"name":"LHCENJ+TimesNewRomanPSMT","subset":true,"weight":400},"HasClip":false,"Lang":"en","Page":2,"Path":"//Document/P[25]","Text":"Fifteen subjects (college students, graduate students, and social workers; 10 males, 5 females) participated in the experiment to interact with the system. They were asked to determine their own 10 dietary situations with the given context and received recommendations (10 times for each participant). They decided whether or not to accept the recommendations in each trial. After the interaction, participants were asked to evaluate the degree of 1) satisfaction and 2) unexpectedness of each recommendation with a 10-point Likert scale. In addition, we defined the recommendation acceptance rate to assess the reflective system. We also constructed a general system and a random system to evaluate the verification of the self-reflection module. The general system removes the self-reflection function from the reflective system. On the other hand, the random system decides on all recommendations randomly from the database. Each system also displays the internal processing. For example, the general system presents recom- ","TextSize":10.020004272460938,"attributes":{"LineHeight":11.5,"SpaceAfter":18,"TextAlign":"Justify"}},{"Bounds":[316.55999755859375,343.9199981689453,558.239990234375,431.2799987792969],"Page":2,"Path":"//Document/Figure[3]","attributes":{"BBox":[316.5469999999914,343.93799999999464,558.2169999999751,431.29499999999825],"Placement":"Block"}},{"Bounds":[359.2799987792969,326.68800354003906,517.9006958007812,339.1439971923828],"Font":{"alt_family_name":"Titlingmes New Roman PS","embedded":true,"encoding":"Identity-H","family_name":"Titlingmes New Roman PS","font_type":"CIDFontType2","italic":false,"monospaced":false,"name":"LHCEMJ+TimesNewRomanPS-BoldMT","subset":true,"weight":700},"HasClip":false,"Lang":"en","Page":2,"Path":"//Document/P[26]","Text":"Figure 3. Acceptance rate of each system ","TextSize":9,"attributes":{"LineHeight":10.75,"SpaceAfter":10,"TextAlign":"Center"}},{"Bounds":[353.0399932861328,218.63999938964844,521.2799987792969,321.8399963378906],"Page":2,"Path":"//Document/Figure[4]","attributes":{"BBox":[353.025999999998,218.6629999999932,521.2589999999909,321.85899999999674],"Placement":"Block"}},{"Bounds":[316.79986572265625,191.21099853515625,539.8760375976562,214.04400634765625],"Font":{"alt_family_name":"Titlingmes New Roman PS","embedded":true,"encoding":"Identity-H","family_name":"Titlingmes New Roman PS","font_type":"CIDFontType2","italic":false,"monospaced":false,"name":"LHCEMJ+TimesNewRomanPS-BoldMT","subset":true,"weight":700},"HasClip":false,"Lang":"en","Page":2,"Path":"//Document/P[27]","Text":"Figure 4. Number of the recommended items whose unexpectedness and satisfaction were evaluated more than 7 ","TextSize":9,"attributes":{"LineHeight":10.5,"SpaceAfter":5.625}},{"Bounds":[316.8000030517578,150.8778533935547,566.2010498046875,187.42080688476562],"Font":{"alt_family_name":"Titlingmes New Roman PSMT","embedded":true,"encoding":"Identity-H","family_name":"Titlingmes New Roman PSMT","font_type":"CIDFontType2","italic":false,"monospaced":false,"name":"LHCENJ+TimesNewRomanPSMT","subset":true,"weight":400},"HasClip":false,"Lang":"en","Page":2,"Path":"//Document/P[28]","Text":"mendations such as, “… This time, I changed the recommendation strategy, that is, I recommend food that everyone, in this case, chooses. So, in this case, ….” ","TextSize":10.020004272460938,"attributes":{"LineHeight":11.5,"SpaceAfter":5.875,"TextAlign":"Justify"}},{"Bounds":[316.8000030517578,134.3551025390625,349.2177276611328,146.26210021972656],"Font":{"alt_family_name":"Arial","embedded":true,"encoding":"WinAnsiEncoding","family_name":"Arial","font_type":"TrueType","italic":true,"monospaced":false,"name":"LHCEOL+Arial-ItalicMT","subset":true,"weight":400},"HasClip":false,"Lang":"en","Page":2,"Path":"//Document/H3[8]","Text":"Results ","TextSize":9,"attributes":{"LineHeight":10.75}},{"Bounds":[316.8000030517578,77.07220458984375,560.6415863037109,136.5408935546875],"Font":{"alt_family_name":"Titlingmes New Roman PSMT","embedded":true,"encoding":"Identity-H","family_name":"Titlingmes New Roman PSMT","font_type":"CIDFontType2","italic":false,"monospaced":false,"name":"LHCENJ+TimesNewRomanPSMT","subset":true,"weight":400},"HasClip":false,"Lang":"en","Page":2,"Path":"//Document/P[29]","Text":"The recommendation acceptance rate for each system is shown in Figure 3. The vertical and the horizontal axes represent the recommendation acceptance rates (%) and each system, respectively. The graphs indicate that the acceptance rate of the reflective system was higher than that of the other ","TextSize":10.020004272460938,"attributes":{"LineHeight":11.5,"TextAlign":"Justify"}},{"Bounds":[54,707.0208587646484,297.84751892089844,732.0408020019531],"Font":{"alt_family_name":"Titlingmes New Roman PSMT","embedded":true,"encoding":"Identity-H","family_name":"Titlingmes New Roman PSMT","font_type":"CIDFontType2","italic":false,"monospaced":false,"name":"LHCENJ+TimesNewRomanPSMT","subset":true,"weight":400},"HasClip":false,"Lang":"en","Page":3,"Path":"//Document/P[30]","Text":"systems. This tendency was enhanced when each system displayed the internal processing. ","TextSize":10.020004272460938,"attributes":{"LineHeight":11.625,"SpaceAfter":5.875}},{"Bounds":[54,620.5482635498047,297.806640625,703.0629577636719],"Font":{"alt_family_name":"Titlingmes New Roman PSMT","embedded":true,"encoding":"Identity-H","family_name":"Titlingmes New Roman PSMT","font_type":"CIDFontType2","italic":false,"monospaced":false,"name":"LHCENJ+TimesNewRomanPSMT","subset":true,"weight":400},"HasClip":false,"Lang":"en","Page":3,"Path":"//Document/P[31]","Text":"Figure 4 shows the number of recommendations whose satisfactory and unexpectedness were rated as 7 or higher for each system. The graphs indicate that the subjects who interacted with the reflection system tended to highly appreciate the unexpectedness and satisfaction provided by the system recommendations, compared with subjects who interacted with the other systems. ","TextSize":10.020004272460938,"attributes":{"LineHeight":11.5,"TextAlign":"Justify"}},{"Bounds":[54,603.6329956054688,122.48135375976562,616.52099609375],"Font":{"alt_family_name":"Arial","embedded":true,"encoding":"Identity-H","family_name":"Arial","font_type":"CIDFontType2","italic":false,"monospaced":false,"name":"LHCELI+Arial-BoldMT","subset":true,"weight":700},"HasClip":false,"Lang":"en","Page":3,"Path":"//Document/H2[6]","Text":"EXPERIMENT 2 ","TextSize":9,"attributes":{"LineHeight":10.75,"SpaceAfter":5.625}},{"Bounds":[54,587.6490020751953,89.961669921875,599.5559997558594],"Font":{"alt_family_name":"Arial","embedded":true,"encoding":"WinAnsiEncoding","family_name":"Arial","font_type":"TrueType","italic":true,"monospaced":false,"name":"LHCEOL+Arial-ItalicMT","subset":true,"weight":400},"HasClip":false,"Lang":"en","Page":3,"Path":"//Document/H3[9]","Text":"Purpose ","TextSize":9,"attributes":{"LineHeight":10.75}},{"Bounds":[54,541.8349761962891,297.8077850341797,589.8408050537109],"Font":{"alt_family_name":"Titlingmes New Roman PSMT","embedded":true,"encoding":"Identity-H","family_name":"Titlingmes New Roman PSMT","font_type":"CIDFontType2","italic":false,"monospaced":false,"name":"LHCENJ+TimesNewRomanPSMT","subset":true,"weight":400},"HasClip":false,"Lang":"en","Page":3,"Path":"//Document/P[32]","Text":"The purpose of Experiment 2 is to evaluate the validity of the self-reflection model. Because metacognitive activity cannot be observed, we compared the action list of the products (i.e., food candidates) of the system and humans. ","TextSize":10.020004272460938,"attributes":{"LineHeight":11.5,"SpaceAfter":5.875,"TextAlign":"Justify"}},{"Bounds":[54,525.3150939941406,97.93772888183594,537.2221069335938],"Font":{"alt_family_name":"Arial","embedded":true,"encoding":"WinAnsiEncoding","family_name":"Arial","font_type":"TrueType","italic":true,"monospaced":false,"name":"LHCEOL+Arial-ItalicMT","subset":true,"weight":400},"HasClip":false,"Lang":"en","Page":3,"Path":"//Document/H3[10]","Text":"Procedure ","TextSize":9,"attributes":{"LineHeight":10.75}},{"Bounds":[53.98997497558594,433.5232238769531,297.86878967285156,527.5007934570312],"Font":{"alt_family_name":"Titlingmes New Roman PSMT","embedded":true,"encoding":"Identity-H","family_name":"Titlingmes New Roman PSMT","font_type":"CIDFontType2","italic":false,"monospaced":false,"name":"LHCENJ+TimesNewRomanPSMT","subset":true,"weight":400},"HasClip":false,"Lang":"en","Page":3,"Path":"//Document/P[33]","Text":"Three university students (2 males, 1 female) participated in the experiment and were asked to provide food recommendations 10 times to the person with the console (in a chat system). They were instructed to select the foods from the database two times, lining up the candidates and their contexts of interest. We compared the outcomes with the recommendation candidates and contexts of interest generated by the system in Experiment 1. ","TextSize":10.020004272460938,"attributes":{"LineHeight":11.5,"SpaceAfter":5.875,"TextAlign":"Justify"}},{"Bounds":[54,416.9550018310547,86.41461181640625,428.86199951171875],"Font":{"alt_family_name":"Arial","embedded":true,"encoding":"WinAnsiEncoding","family_name":"Arial","font_type":"TrueType","italic":true,"monospaced":false,"name":"LHCEOL+Arial-ItalicMT","subset":true,"weight":400},"HasClip":false,"Lang":"en","Page":3,"Path":"//Document/H3[11]","Text":"Results ","TextSize":9,"attributes":{"LineHeight":10.75}},{"Bounds":[54,313.6402130126953,297.7971954345703,419.1407928466797],"Font":{"alt_family_name":"Titlingmes New Roman PSMT","embedded":true,"encoding":"Identity-H","family_name":"Titlingmes New Roman PSMT","font_type":"CIDFontType2","italic":false,"monospaced":false,"name":"LHCENJ+TimesNewRomanPSMT","subset":true,"weight":400},"HasClip":false,"Lang":"en","Page":3,"Path":"//Document/P[34]","Text":"The contexts of interest that participants reported in their self-reflection were different from that of our system. To assess the reflection module, we applied the participants' contexts of interest to the recommended module to extract the food candidates. Comparisons between the extracted food candidates and user’s candidates show that the matching rates between some recommendation candidates on the list rose by as much as 40%. On the other hand, the matching rates for other recommendations decreased. ","TextSize":10.020004272460938,"attributes":{"LineHeight":11.5,"SpaceAfter":5.875,"TextAlign":"Justify"}},{"Bounds":[54,284.6623840332031,297.74749755859375,309.6823272705078],"Font":{"alt_family_name":"Titlingmes New Roman PSMT","embedded":true,"encoding":"Identity-H","family_name":"Titlingmes New Roman PSMT","font_type":"CIDFontType2","italic":false,"monospaced":false,"name":"LHCENJ+TimesNewRomanPSMT","subset":true,"weight":400},"HasClip":false,"Lang":"en","Page":3,"Path":"//Document/P[35]","Text":"The characteristic of reflection behaviors presented as the result of an interview are as follows: ","TextSize":10.020004272460938,"attributes":{"LineHeight":11.5,"SpaceAfter":6.75}},{"Bounds":[54,267.29771423339844,61.11419677734375,279.5722198486328],"Font":{"alt_family_name":"Symbol","embedded":true,"encoding":"Identity-H","family_name":"Symbol MT","font_type":"CIDFontType2","italic":false,"monospaced":false,"name":"LHCHAB+SymbolMT","subset":true,"weight":400},"HasClip":false,"Page":3,"Path":"//Document/L/LI/Lbl","Text":" ","TextSize":10.020004272460938},{"Bounds":[62.997955322265625,231.91709899902344,297.82826232910156,279.92291259765625],"Font":{"alt_family_name":"Titlingmes New Roman PSMT","embedded":true,"encoding":"Identity-H","family_name":"Titlingmes New Roman PSMT","font_type":"CIDFontType2","italic":false,"monospaced":false,"name":"LHCENJ+TimesNewRomanPSMT","subset":true,"weight":400},"HasClip":false,"Page":3,"Path":"//Document/L/LI/LBody","Text":"In the second session, he/she seems to consider of his/her budget and number of persons to eat with. Therefore, this time, I recommended foods that were not too expensive and good for sharing with two persons. ","TextSize":10.020004272460938},{"Bounds":[54,216.5865020751953,61.11419677734375,228.86099243164062],"Font":{"alt_family_name":"Symbol","embedded":true,"encoding":"Identity-H","family_name":"Symbol MT","font_type":"CIDFontType2","italic":false,"monospaced":false,"name":"LHCHAB+SymbolMT","subset":true,"weight":400},"HasClip":false,"Page":3,"Path":"//Document/L/LI[2]/Lbl","Text":" ","TextSize":10.020004272460938},{"Bounds":[62.997955322265625,181.2058868408203,297.8509521484375,229.21170043945312],"Font":{"alt_family_name":"Titlingmes New Roman PSMT","embedded":true,"encoding":"Identity-H","family_name":"Titlingmes New Roman PSMT","font_type":"CIDFontType2","italic":false,"monospaced":false,"name":"LHCENJ+TimesNewRomanPSMT","subset":true,"weight":400},"HasClip":false,"Page":3,"Path":"//Document/L/LI[2]/LBody","Text":"In a similar situation as the second session, I made slightly better recommendations. Hence, I recommended foods based on the degree of hunger. As he/she seems not to mention other context, the budget is taken care of anyway. ","TextSize":10.020004272460938},{"Bounds":[54,164.3760986328125,112.47885131835938,177.26409912109375],"Font":{"alt_family_name":"Arial","embedded":true,"encoding":"Identity-H","family_name":"Arial","font_type":"CIDFontType2","italic":false,"monospaced":false,"name":"LHCELI+Arial-BoldMT","subset":true,"weight":700},"HasClip":false,"Lang":"en","Page":3,"Path":"//Document/H2[7]","Text":"DISCUSSION ","TextSize":9,"attributes":{"LineHeight":10.75}},{"Bounds":[54,95.90910339355469,297.79888916015625,166.9008026123047],"Font":{"alt_family_name":"Titlingmes New Roman PSMT","embedded":true,"encoding":"Identity-H","family_name":"Titlingmes New Roman PSMT","font_type":"CIDFontType2","italic":false,"monospaced":false,"name":"LHCENJ+TimesNewRomanPSMT","subset":true,"weight":400},"HasClip":false,"Lang":"en","Page":3,"Path":"//Document/P[36]","Text":"The participants who interacted with the self-reflection system tended to rate both unexpectedness and satisfaction higher than other recommender systems. The participants also accepted system recommendations, especially those of the self-reflection system. Therefore, our self-reflection system can satisfy their demands.  ","TextSize":10.020004272460938,"attributes":{"LineHeight":11.5,"TextAlign":"Justify"}},{"Bounds":[316.7344207763672,569.0334625244141,560.6254577636719,732.0287933349609],"Font":{"alt_family_name":"Titlingmes New Roman PSMT","embedded":true,"encoding":"Identity-H","family_name":"Titlingmes New Roman PSMT","font_type":"CIDFontType2","italic":false,"monospaced":false,"name":"LHCENJ+TimesNewRomanPSMT","subset":true,"weight":400},"HasClip":false,"Lang":"en","Page":3,"Path":"//Document/P[37]","Text":"On the other hand, the results from the Experiment 2 indicate that the candidates generated by the system did not match those generated by participants, which implies that our self-reflection model did not follow the human self-reflection. This result suggests that the high acceptance rate and appreciation of unexpectedness and satisfaction should rely on anything other than the reflection function itself. Experiment 1 showed that the acceptance rate was higher when the system displayed the internal processing to users. Thus, it can be assumed that the display of the system influenced participant’s high acceptance rate. As the system behaved as if it was engaged in self-reflection, participants could treat the system as a social being [9]. Such visual performance can help participants accept recommendations. ","TextSize":10.020004272460938,"attributes":{"LineHeight":11.5,"SpaceAfter":6,"TextAlign":"Justify"}},{"Bounds":[316.6943359375,367.4510955810547,560.5974884033203,565.0154418945312],"Font":{"alt_family_name":"Titlingmes New Roman PSMT","embedded":true,"encoding":"Identity-H","family_name":"Titlingmes New Roman PSMT","font_type":"CIDFontType2","italic":false,"monospaced":false,"name":"LHCENJ+TimesNewRomanPSMT","subset":true,"weight":400},"HasClip":false,"Lang":"en","Page":3,"Path":"//Document/P[38]","Text":"Another role played by the display of internal processing is encouraging appreciation for unexpectedness and satisfaction. In general, content-based recommender systems have difficulty in recommending the unexpected to users [10]. Our self-reflection system, however, provided such unexpected recommendations. The display contributed to participant’s expectation that the system learned his/her preferences. Displaying the internal processing of the reflection system showed which processes and how the system changed based on the failure experience. From this point of view, participants predicted the internal processing model of the system (the rules the system acquired in accordance with their preference). Despite this, when the system recommended foods that were different from what they expected, the unexpectedness was enhanced. When the recommended food was appropriate for the situation they specified, they appreciated the system and were satisfied. ","TextSize":10.020004272460938,"attributes":{"LineHeight":11.5,"SpaceAfter":5.625,"TextAlign":"Justify"}},{"Bounds":[316.8000030517578,350.6759948730469,379.7803649902344,363.5639953613281],"Font":{"alt_family_name":"Arial","embedded":true,"encoding":"Identity-H","family_name":"Arial","font_type":"CIDFontType2","italic":false,"monospaced":false,"name":"LHCELI+Arial-BoldMT","subset":true,"weight":700},"HasClip":false,"Lang":"en","Page":3,"Path":"//Document/H2[8]","Text":"CONCLUSION ","TextSize":9,"attributes":{"LineHeight":10.75}},{"Bounds":[316.78997802734375,167.21957397460938,560.6588897705078,353.2008056640625],"Font":{"alt_family_name":"Titlingmes New Roman PSMT","embedded":true,"encoding":"Identity-H","family_name":"Titlingmes New Roman PSMT","font_type":"CIDFontType2","italic":false,"monospaced":false,"name":"LHCENJ+TimesNewRomanPSMT","subset":true,"weight":400},"HasClip":false,"Lang":"en","Page":3,"Path":"//Document/P[39]","Text":"In this study, we proposed a cognitive model representing the self-reflection process and implemented it in a food recommender system. We conducted experiments to assess the system and the results indicated that the recommended foods were highly unexpected and satisfying for users. It was also suggested that displaying the internal processing of the system contributed to its high-performance rating from users. The display encouraged participants to believe that the system was learning in accordance with their preferences. On the other hand, the cognitive model was evaluated based on the consistency between food candidates selected by the system and the participants. The results showed that the selected foods were different from each other although both shared the self-reflection process in food recommendation, and that they modified the contexts of interest based on the failure experience. ","TextSize":10.020004272460938,"attributes":{"LineHeight":11.5,"SpaceAfter":6,"TextAlign":"Justify"}},{"Bounds":[316.7799530029297,80.68685913085938,560.6363067626953,163.20155334472656],"Font":{"alt_family_name":"Titlingmes New Roman PSMT","embedded":true,"encoding":"Identity-H","family_name":"Titlingmes New Roman PSMT","font_type":"CIDFontType2","italic":false,"monospaced":false,"name":"LHCENJ+TimesNewRomanPSMT","subset":true,"weight":400},"HasClip":false,"Lang":"en","Page":3,"Path":"//Document/P[40]","Text":"In future work, we plan to address the following issues. The first is the experimental limitations. In the experiments, it was unclear whether situations participants assumed reflected actual situations. Furthermore, it is also important to study the reflection process in the learning context and consider the metacognitive model to explain the learner's reflection process. ","TextSize":10.020004272460938,"attributes":{"LineHeight":11.5,"TextAlign":"Justify"}},{"Bounds":[54,719.1360015869141,117.98193359375,732.0240020751953],"Font":{"alt_family_name":"Arial","embedded":true,"encoding":"Identity-H","family_name":"Arial","font_type":"CIDFontType2","italic":false,"monospaced":false,"name":"LHCELI+Arial-BoldMT","subset":true,"weight":700},"HasClip":false,"Lang":"en","Page":4,"Path":"//Document/H1[4]","Text":"REFERENCES ","TextSize":9,"attributes":{"LineHeight":10.75}},{"Bounds":[54,708.2238616943359,64.11036682128906,721.7207946777344],"Font":{"alt_family_name":"Titlingmes New Roman PSMT","embedded":true,"encoding":"Identity-H","family_name":"Titlingmes New Roman PSMT","font_type":"CIDFontType2","italic":false,"monospaced":false,"name":"LHCENJ+TimesNewRomanPSMT","subset":true,"weight":400},"HasClip":false,"Page":4,"Path":"//Document/L[2]/LI/Lbl","Text":"1. ","TextSize":10.020004272460938},{"Bounds":[72.00593566894531,685.1778564453125,294.01043701171875,721.7207946777344],"Font":{"alt_family_name":"Titlingmes New Roman PSMT","embedded":true,"encoding":"Identity-H","family_name":"Titlingmes New Roman PSMT","font_type":"CIDFontType2","italic":false,"monospaced":false,"name":"LHCENJ+TimesNewRomanPSMT","subset":true,"weight":400},"HasClip":false,"Page":4,"Path":"//Document/L[2]/LI/LBody","Text":"Shinichi Ichikawa. 1996. Ninchi Shinrigaku (4) Shikou (Cognitive Psychology (4) Thought). University of Tokyo Press. ","TextSize":10.020004272460938},{"Bounds":[54,669.7069854736328,64.11036682128906,683.2039184570312],"Font":{"alt_family_name":"Titlingmes New Roman PSMT","embedded":true,"encoding":"Identity-H","family_name":"Titlingmes New Roman PSMT","font_type":"CIDFontType2","italic":false,"monospaced":false,"name":"LHCENJ+TimesNewRomanPSMT","subset":true,"weight":400},"HasClip":false,"Page":4,"Path":"//Document/L[2]/LI[2]/Lbl","Text":"2. ","TextSize":10.020004272460938},{"Bounds":[72.00593566894531,646.7210998535156,296.5140686035156,683.2039184570312],"Font":{"alt_family_name":"Titlingmes New Roman PSMT","embedded":true,"encoding":"Identity-H","family_name":"Titlingmes New Roman PSMT","font_type":"CIDFontType2","italic":false,"monospaced":false,"name":"LHCENJ+TimesNewRomanPSMT","subset":true,"weight":400},"HasClip":false,"Page":4,"Path":"//Document/L[2]/LI[2]/LBody","Text":"Giyoo Hatano. 1996. Ninchi Shinrigaku (5) Gakushu to Hattatsu (Cognitive Psychology (5) Learning and Development). University of Tokyo Press. ","TextSize":10.020004272460938},{"Bounds":[54,631.1900939941406,64.11036682128906,644.6870422363281],"Font":{"alt_family_name":"Titlingmes New Roman PSMT","embedded":true,"encoding":"Identity-H","family_name":"Titlingmes New Roman PSMT","font_type":"CIDFontType2","italic":false,"monospaced":false,"name":"LHCENJ+TimesNewRomanPSMT","subset":true,"weight":400},"HasClip":false,"Page":4,"Path":"//Document/L[2]/LI[3]/Lbl","Text":"3. ","TextSize":10.020004272460938},{"Bounds":[72.00593566894531,585.2183380126953,292.51356506347656,644.6870422363281],"Font":{"alt_family_name":"Titlingmes New Roman PSMT","embedded":true,"encoding":"Identity-H","family_name":"Titlingmes New Roman PSMT","font_type":"CIDFontType2","italic":false,"monospaced":false,"name":"LHCENJ+TimesNewRomanPSMT","subset":true,"weight":400},"HasClip":false,"Page":4,"Path":"//Document/L[2]/LI[3]/LBody","Text":"Michiko Kayashima, Akiko Inaba and Riichiro Mizoguchi. 2008. A framework of difficulty in metacognitive activity. Transactions of Japanese Society for Information and Systems in Education. 25, 1, 19-31. ","TextSize":10.020004272460938},{"Bounds":[54,569.6873474121094,64.11036682128906,583.1842803955078],"Font":{"alt_family_name":"Titlingmes New Roman PSMT","embedded":true,"encoding":"Identity-H","family_name":"Titlingmes New Roman PSMT","font_type":"CIDFontType2","italic":false,"monospaced":false,"name":"LHCENJ+TimesNewRomanPSMT","subset":true,"weight":400},"HasClip":false,"Page":4,"Path":"//Document/L[2]/LI[4]/Lbl","Text":"4. ","TextSize":10.020004272460938},{"Bounds":[72.00593566894531,500.6695861816406,297.3778991699219,583.1842803955078],"Font":{"alt_family_name":"Titlingmes New Roman PSMT","embedded":true,"encoding":"Identity-H","family_name":"Titlingmes New Roman PSMT","font_type":"CIDFontType2","italic":false,"monospaced":false,"name":"LHCENJ+TimesNewRomanPSMT","subset":true,"weight":400},"HasClip":false,"Page":4,"Path":"//Document/L[2]/LI[4]/LBody","Text":"Tomoya Horiguchi, Isao Imai, Takahito Toumoto and Tsukasa Hirashima. 2008. Error-based simulation wo mochiita Chugaku Rika no Jugyo Jissen: Newton no daisan housoku wo jirei to shite (Error-based simulation into classrooms of science in junior high school: A case of Newton’s third law). Japan Journal of Educational Technology. 32, supplement, 113-116. ","TextSize":10.020004272460938},{"Bounds":[54,485.20872497558594,64.11036682128906,498.7056579589844],"Font":{"alt_family_name":"Titlingmes New Roman PSMT","embedded":true,"encoding":"Identity-H","family_name":"Titlingmes New Roman PSMT","font_type":"CIDFontType2","italic":false,"monospaced":false,"name":"LHCENJ+TimesNewRomanPSMT","subset":true,"weight":400},"HasClip":false,"Page":4,"Path":"//Document/L[2]/LI[5]/Lbl","Text":"5. ","TextSize":10.020004272460938},{"Bounds":[72.00593566894531,427.7139587402344,295.1600036621094,498.7056579589844],"Font":{"alt_family_name":"Titlingmes New Roman PSMT","embedded":true,"encoding":"Identity-H","family_name":"Titlingmes New Roman PSMT","font_type":"CIDFontType2","italic":false,"monospaced":false,"name":"LHCENJ+TimesNewRomanPSMT","subset":true,"weight":400},"HasClip":false,"Page":4,"Path":"//Document/L[2]/LI[5]/LBody","Text":"Yuri Uesaka. 2009. How learning skills support through cognitive counseling can provide new perspectives in both cognitive research and school curriculum development: Focusing on the strategy of diagram use in problem solving. Cognitive Studies, 16, 3, 313-332. ","TextSize":10.020004272460938},{"Bounds":[316.8045654296875,718.5444641113281,326.9149169921875,732.0413970947266],"Font":{"alt_family_name":"Titlingmes New Roman PSMT","embedded":true,"encoding":"Identity-H","family_name":"Titlingmes New Roman PSMT","font_type":"CIDFontType2","italic":false,"monospaced":false,"name":"LHCENJ+TimesNewRomanPSMT","subset":true,"weight":400},"HasClip":false,"Page":4,"Path":"//Document/L[2]/LI[6]/Lbl","Text":"6. ","TextSize":10.020004272460938},{"Bounds":[334.8105010986328,672.5125732421875,558.3005065917969,732.0413970947266],"Font":{"alt_family_name":"Titlingmes New Roman PSMT","embedded":true,"encoding":"Identity-H","family_name":"Titlingmes New Roman PSMT","font_type":"CIDFontType2","italic":false,"monospaced":false,"name":"LHCENJ+TimesNewRomanPSMT","subset":true,"weight":400},"HasClip":false,"Page":4,"Path":"//Document/L[2]/LI[6]/LBody","Text":"Kunihiko Chiken, Atsuo Hazeyama and Youzou Miyadera. 2005. A programming learning environment focusing on failure knowledge. Transactions on Fundamentals of Electronics, Communications and Computer Science. J88-D-1, 1, 66-75 ","TextSize":10.020004272460938},{"Bounds":[316.8045654296875,657.0417022705078,326.9149169921875,670.5386352539062],"Font":{"alt_family_name":"Titlingmes New Roman PSMT","embedded":true,"encoding":"Identity-H","family_name":"Titlingmes New Roman PSMT","font_type":"CIDFontType2","italic":false,"monospaced":false,"name":"LHCENJ+TimesNewRomanPSMT","subset":true,"weight":400},"HasClip":false,"Page":4,"Path":"//Document/L[2]/LI[7]/Lbl","Text":"7. ","TextSize":10.020004272460938},{"Bounds":[334.80047607421875,611.0098266601562,541.0669097900391,670.5386352539062],"Font":{"alt_family_name":"Titlingmes New Roman PSMT","embedded":true,"encoding":"Identity-H","family_name":"Titlingmes New Roman PSMT","font_type":"CIDFontType2","italic":false,"monospaced":false,"name":"LHCENJ+TimesNewRomanPSMT","subset":true,"weight":400},"HasClip":false,"Page":4,"Path":"//Document/L[2]/LI[7]/LBody","Text":"Machiko Sannnomiya. 1996. Shikou ni okeru meta ninchi to chui (Meta cognition and attention in thought), in Shinichi Ichikawa. 1996. Ninchi Shinrigaku (4) Shikou (Cognitive Psychology (4) Thought). University of Tokyo Press. ","TextSize":10.020004272460938},{"Bounds":[316.79454040527344,595.5389404296875,326.9049072265625,609.0358734130859],"Font":{"alt_family_name":"Titlingmes New Roman PSMT","embedded":true,"encoding":"Identity-H","family_name":"Titlingmes New Roman PSMT","font_type":"CIDFontType2","italic":false,"monospaced":false,"name":"LHCENJ+TimesNewRomanPSMT","subset":true,"weight":400},"HasClip":false,"Page":4,"Path":"//Document/L[2]/LI[8]/Lbl","Text":"8. ","TextSize":10.020004272460938},{"Bounds":[334.80047607421875,561.0300598144531,543.3083801269531,609.0358734130859],"Font":{"alt_family_name":"Titlingmes New Roman PSMT","embedded":true,"encoding":"Identity-H","family_name":"Titlingmes New Roman PSMT","font_type":"CIDFontType2","italic":false,"monospaced":false,"name":"LHCENJ+TimesNewRomanPSMT","subset":true,"weight":400},"HasClip":false,"Page":4,"Path":"//Document/L[2]/LI[8]/LBody","Text":"Gediminas Adomavicius and Alexander Tuzhilin. (2011). Context-aware recommender systems. Francesco Ricci, et al.(eds). Recommender systems handbook. Springer US. 217-253. ","TextSize":10.020004272460938},{"Bounds":[316.79454040527344,545.5591735839844,326.9049072265625,559.0561218261719],"Font":{"alt_family_name":"Titlingmes New Roman PSMT","embedded":true,"encoding":"Identity-H","family_name":"Titlingmes New Roman PSMT","font_type":"CIDFontType2","italic":false,"monospaced":false,"name":"LHCENJ+TimesNewRomanPSMT","subset":true,"weight":400},"HasClip":false,"Page":4,"Path":"//Document/L[2]/LI[9]/Lbl","Text":"9. ","TextSize":10.020004272460938},{"Bounds":[334.80047607421875,511.05029296875,556.7642517089844,559.0561218261719],"Font":{"alt_family_name":"Titlingmes New Roman PSMT","embedded":true,"encoding":"Identity-H","family_name":"Titlingmes New Roman PSMT","font_type":"CIDFontType2","italic":false,"monospaced":false,"name":"LHCENJ+TimesNewRomanPSMT","subset":true,"weight":400},"HasClip":false,"Page":4,"Path":"//Document/L[2]/LI[9]/LBody","Text":"Byron Reeves and Clifford Nass. (1996). The Media Equation: How people treat computers, television, and new media like real people and places. CSLI Publications and Cambridge. ","TextSize":10.020004272460938},{"Bounds":[316.8045654296875,495.56939697265625,331.89491271972656,509.06634521484375],"Font":{"alt_family_name":"Titlingmes New Roman PSMT","embedded":true,"encoding":"Identity-H","family_name":"Titlingmes New Roman PSMT","font_type":"CIDFontType2","italic":false,"monospaced":false,"name":"LHCENJ+TimesNewRomanPSMT","subset":true,"weight":400},"HasClip":false,"Page":4,"Path":"//Document/L[2]/LI[10]/Lbl","Text":"10. ","TextSize":10.020004272460938},{"Bounds":[334.80047607421875,472.5234069824219,536.1176452636719,509.06634521484375],"Font":{"alt_family_name":"Titlingmes New Roman PSMT","embedded":true,"encoding":"Identity-H","family_name":"Titlingmes New Roman PSMT","font_type":"CIDFontType2","italic":false,"monospaced":false,"name":"LHCENJ+TimesNewRomanPSMT","subset":true,"weight":400},"HasClip":false,"Page":4,"Path":"//Document/L[2]/LI[10]/LBody","Text":"Toshihiro Kamishima. 2007. Algorithms for Recommender Systems (1). Journal of Japanese Society for Artificial Intelligence. 22, 6. 826-837. ","TextSize":10.020004272460938}],"pages":[{"boxes":{"CropBox":[0,0,612,792],"MediaBox":[0,0,612,792]},"height":792,"page_number":0,"rotation":0,"width":612},{"boxes":{"CropBox":[0,0,612,792],"MediaBox":[0,0,612,792]},"height":792,"page_number":1,"rotation":0,"width":612},{"boxes":{"CropBox":[0,0,612,792],"MediaBox":[0,0,612,792]},"height":792,"page_number":2,"rotation":0,"width":612},{"boxes":{"CropBox":[0,0,612,792],"MediaBox":[0,0,612,792]},"height":792,"page_number":3,"rotation":0,"width":612},{"boxes":{"CropBox":[0,0,612,792],"MediaBox":[0,0,612,792]},"height":792,"page_number":4,"rotation":0,"width":612}]}