{"version":{"json_export":"171","page_segmentation":"52","schema":"1.0.0","structure":"1.939.0","table_structure":"5"},"extended_metadata":{"ID_instance":"49 2A F6 F2 7B B2 B2 11 0A 00 67 45 8B 6B C6 23 ","ID_permanent":"39 34 20 42 31 20 46 33 20 46 32 20 37 42 20 42 32 20 42 32 20 31 31 20 30 41 20 30 30 20 36 37 20 34 35 20 38 42 20 36 42 20 43 36 20 32 33 20 ","pdf_version":"1.6","pdfa_compliance_level":"","is_encrypted":false,"has_acroform":false,"is_digitally_signed":false,"pdfua_compliance_level":"","page_count":5,"has_embedded_files":false,"is_certified":false,"is_XFA":false,"language":""},"elements":[{"Bounds":[85.70509338378906,692.52099609375,529.4566955566406,720.1809997558594],"Font":{"alt_family_name":"Titlingmes","embedded":false,"encoding":"Custom","family_name":"Titlingmes","font_type":"Type1","italic":false,"monospaced":false,"name":"Times-Bold","subset":false,"weight":700},"HasClip":false,"Lang":"en","Page":0,"Path":"//Document/H1","Text":"THE IMPACT OF METACOGNITION ON ENTREPRENEURIAL ORIENTATION: RESEARCH-IN-PROGRESS ","TextSize":12,"attributes":{"LineHeight":13.75,"SpaceAfter":18,"TextAlign":"Center"}},{"Bounds":[267.6490936279297,623.52099609375,347.3759002685547,637.3569946289062],"Font":{"alt_family_name":"Titlingmes","embedded":false,"encoding":"Custom","family_name":"Titlingmes","font_type":"Type1","italic":false,"monospaced":false,"name":"Times-Bold","subset":false,"weight":700},"HasClip":false,"Page":0,"Path":"//Document/P/Sub","Text":"Young Sik Cho ","TextSize":12,"attributes":{"Placement":"Block"}},{"Bounds":[222.16909790039062,609.9609985351562,392.66510009765625,623.3529968261719],"Font":{"alt_family_name":"Titlingmes","embedded":false,"encoding":"Custom","family_name":"Titlingmes","font_type":"Type1","italic":false,"monospaced":false,"name":"Times-Roman","subset":false,"weight":400},"HasClip":false,"Page":0,"Path":"//Document/P/Sub[2]","Text":"University of Texas-Pan American ","TextSize":12,"attributes":{"Placement":"Block"}},{"Bounds":[220.2490997314453,596.1609954833984,394.88389587402344,609.5529937744141],"Font":{"alt_family_name":"Titlingmes","embedded":false,"encoding":"Custom","family_name":"Titlingmes","font_type":"Type1","italic":false,"monospaced":false,"name":"Times-Roman","subset":false,"weight":400},"HasClip":false,"Page":0,"Path":"//Document/P/Sub[3]","Text":"College of Business Administration ","TextSize":12,"attributes":{"Placement":"Block"}},{"Bounds":[196.3690948486328,582.3609924316406,418.62109375,595.7530059814453],"Font":{"alt_family_name":"Titlingmes","embedded":false,"encoding":"Custom","family_name":"Titlingmes","font_type":"Type1","italic":false,"monospaced":false,"name":"Times-Roman","subset":false,"weight":400},"HasClip":false,"Page":0,"Path":"//Document/P/Sub[4]","Text":"1201 W. University Dr., Edinburg, TX 78539 ","TextSize":12,"attributes":{"Placement":"Block"}},{"Bounds":[271.96910095214844,568.5610046386719,342.88909912109375,581.9530029296875],"Font":{"alt_family_name":"Titlingmes","embedded":false,"encoding":"Custom","family_name":"Titlingmes","font_type":"Type1","italic":false,"monospaced":false,"name":"Times-Roman","subset":false,"weight":400},"HasClip":false,"Page":0,"Path":"//Document/P[2]/Sub","Text":"414-520-6700 ","TextSize":12,"attributes":{"Placement":"Block"}},{"Bounds":[268.3690948486328,554.7610015869141,346.58509826660156,568.1529998779297],"Font":{"alt_family_name":"Titlingmes","embedded":false,"encoding":"Custom","family_name":"Titlingmes","font_type":"Type1","italic":false,"monospaced":false,"name":"Times-Roman","subset":false,"weight":400},"HasClip":false,"Page":0,"Path":"//Document/P[2]/Sub[2]","Text":"ycho@utpa.edu ","TextSize":12,"attributes":{"Placement":"Block"}},{"Bounds":[273.2890930175781,485.4969940185547,341.6531066894531,499.33299255371094],"Font":{"alt_family_name":"Titlingmes","embedded":false,"encoding":"Custom","family_name":"Titlingmes","font_type":"Type1","italic":false,"monospaced":false,"name":"Times-Bold","subset":false,"weight":700},"HasClip":false,"Lang":"en","Page":0,"Path":"//Document/H1[2]","Text":"ABSTRACT ","TextSize":12,"attributes":{"LineHeight":14.375,"SpaceAfter":13.5,"TextAlign":"Center"}},{"Bounds":[72.03709411621094,278.71299743652344,543.1222076416016,471.5290069580078],"Font":{"alt_family_name":"Titlingmes","embedded":false,"encoding":"Custom","family_name":"Titlingmes","font_type":"Type1","italic":false,"monospaced":false,"name":"Times-Roman","subset":false,"weight":400},"HasClip":false,"Lang":"en","Page":0,"Path":"//Document/P[3]","Text":"The purpose of this study is to investigate how individuals' metacognitions impact their entrepreneurial orientations and performances. Based on the two metacognition dimensions (metacognitive awareness, metacognitive skill), the three entrepreneurial orientation dimensions (innovativeness, risk taking, and proactiveness) and the three entrepreneurial tasks (growth in sales, return on sales, customer satisfaction), this study develops the research model and the eight hypotheses to explore the relationship among metacognition, EO and entrepreneurial task. This study will have several meaningful contributions to entrepreneurial research field as well as to strategic research field. First, regarding entrepreneurial metacognition, only a few empirical studies have been conducted thus far. Second, there are also rare empirical research works which examine the relationship between entrepreneurial metacognitions and their orientations. Even more, there is no existent empirical research work that investigates how entrepreneurial metacognition impacts the entrepreneurial performances. Therefore, this research can help entrepreneurs as well as entrepreneurial firms, more systematically to understand how their metacognitive aspects influence their entrepreneurial tasks. ","TextSize":12,"attributes":{"LineHeight":13.875,"SpaceAfter":13.125,"TextAlign":"Justify"}},{"Bounds":[72.06109619140625,251.11300659179688,463.4075012207031,264.9490051269531],"Font":{"alt_family_name":"Titlingmes","embedded":false,"encoding":"Custom","family_name":"Titlingmes","font_type":"Type1","italic":false,"monospaced":false,"name":"Times-Bold","subset":false,"weight":700},"HasClip":false,"Lang":"en","Page":0,"Path":"//Document/P[4]","Text":"Keywords: Metacognitions, Entrepreneurial Orientations, Entrepreneurial Tasks ","TextSize":12,"attributes":{"LineHeight":14.375,"SpaceAfter":18}},{"Bounds":[258.08509826660156,195.6490020751953,357.06109619140625,209.48500061035156],"Font":{"alt_family_name":"Titlingmes","embedded":false,"encoding":"Custom","family_name":"Titlingmes","font_type":"Type1","italic":false,"monospaced":false,"name":"Times-Bold","subset":false,"weight":700},"HasClip":false,"Lang":"en","Page":0,"Path":"//Document/H1[3]","Text":"INTRODUCTION ","TextSize":12,"attributes":{"LineHeight":14.375,"SpaceAfter":13.5,"TextAlign":"Center"}},{"Bounds":[72.06109619140625,140.68899536132812,543.1690979003906,181.68099975585938],"Font":{"alt_family_name":"Titlingmes","embedded":false,"encoding":"Custom","family_name":"Titlingmes","font_type":"Type1","italic":false,"monospaced":false,"name":"Times-Roman","subset":false,"weight":400},"HasClip":false,"Lang":"en","Page":0,"Path":"//Document/P[5]","Text":"This study aims at exploring how individuals' metacognitions influence their entrepreneurial orientations and performances. In particular, this study intends to examine the following research questions: ","TextSize":12,"attributes":{"LineHeight":13.75,"TextAlign":"Justify"}},{"Bounds":[72.07310485839844,126.88900756835938,89.06509399414062,140.281005859375],"Font":{"alt_family_name":"Titlingmes","embedded":false,"encoding":"Custom","family_name":"Titlingmes","font_type":"Type1","italic":false,"monospaced":false,"name":"Times-Roman","subset":false,"weight":400},"HasClip":false,"Page":0,"Path":"//Document/L/LI/Lbl","Text":"(1) ","TextSize":12},{"Bounds":[88.27310180664062,126.88900756835938,478.7770080566406,140.281005859375],"Font":{"alt_family_name":"Titlingmes","embedded":false,"encoding":"Custom","family_name":"Titlingmes","font_type":"Type1","italic":false,"monospaced":false,"name":"Times-Roman","subset":false,"weight":400},"HasClip":false,"Page":0,"Path":"//Document/L/LI/LBody","Text":"Are the metacognitions of individuals related to the entrepreneurial orientations? ","TextSize":12},{"Bounds":[72.07310485839844,113.08900451660156,86.06510925292969,126.48100280761719],"Font":{"alt_family_name":"Titlingmes","embedded":false,"encoding":"Custom","family_name":"Titlingmes","font_type":"Type1","italic":false,"monospaced":false,"name":"Times-Roman","subset":false,"weight":400},"HasClip":false,"Page":0,"Path":"//Document/L/LI[2]/Lbl","Text":"(2)","TextSize":12},{"Bounds":[85.99310302734375,113.08900451660156,533.0975036621094,126.48100280761719],"Font":{"alt_family_name":"Titlingmes","embedded":false,"encoding":"Custom","family_name":"Titlingmes","font_type":"Type1","italic":false,"monospaced":false,"name":"Times-Roman","subset":false,"weight":400},"HasClip":false,"Page":0,"Path":"//Document/L/LI[2]/LBody","Text":" How do the metacognitive knowledge and skills influence the entrepreneurial orientations? ","TextSize":12},{"Bounds":[72.07310485839844,99.28900146484375,86.06510925292969,112.68099975585938],"Font":{"alt_family_name":"Titlingmes","embedded":false,"encoding":"Custom","family_name":"Titlingmes","font_type":"Type1","italic":false,"monospaced":false,"name":"Times-Roman","subset":false,"weight":400},"HasClip":false,"Page":0,"Path":"//Document/L/LI[3]/Lbl","Text":"(3)","TextSize":12},{"Bounds":[85.99310302734375,99.28900146484375,484.63905334472656,112.68099975585938],"Font":{"alt_family_name":"Titlingmes","embedded":false,"encoding":"Custom","family_name":"Titlingmes","font_type":"Type1","italic":false,"monospaced":false,"name":"Times-Roman","subset":false,"weight":400},"HasClip":false,"Page":0,"Path":"//Document/L/LI[3]/LBody","Text":" How do the metacognitive knowledge and skills impact the entrepreneurial tasks? ","TextSize":12},{"Bounds":[212.81019592285156,706.3450012207031,402.02259826660156,720.1809997558594],"Font":{"alt_family_name":"Titlingmes","embedded":false,"encoding":"Custom","family_name":"Titlingmes","font_type":"Type1","italic":false,"monospaced":false,"name":"Times-Bold","subset":false,"weight":700},"HasClip":false,"Lang":"en","Page":1,"Path":"//Document/H1[4]","Text":"THEORETICAL BACKGROUNDS ","TextSize":12,"attributes":{"LineHeight":14.375,"SpaceAfter":13.5,"TextAlign":"Center"}},{"Bounds":[72.03819274902344,596.1609954833984,545.7610015869141,692.7969970703125],"Font":{"alt_family_name":"Titlingmes","embedded":false,"encoding":"Custom","family_name":"Titlingmes","font_type":"Type1","italic":false,"monospaced":false,"name":"Times-Bold","subset":false,"weight":700},"HasClip":false,"Lang":"en","Page":1,"Path":"//Document/P[6]","Text":"Metacognition. Michael & Dean (2010) assert that foundations of an entrepreneurial mindset are metacognitive in nature, and entrepreneurs formulate and inform \"higher-order\" cognitive strategies in the pursuit of entrepreneurial purposes. In general, metacognition can be described as the awareness and understanding of one's own cognitive processes. Specifically, metacognition can be defined by the following five dimensions: metacognitive knowledge, metacognitive experience, metacognitive control, goal orientation, and monitoring (Flavell, 1979, 1987; Griffin & Ross, 1991; Nelson, 1996; Michael & Dean, 2009). ","TextSize":12,"attributes":{"LineHeight":13.75,"SpaceAfter":13.75,"TextAlign":"Justify"}},{"Bounds":[72.06219482421875,444.3370056152344,543.2734069824219,582.3970031738281],"Font":{"alt_family_name":"Titlingmes","embedded":false,"encoding":"Custom","family_name":"Titlingmes","font_type":"Type1","italic":false,"monospaced":false,"name":"Times-Bold","subset":false,"weight":700},"HasClip":false,"Lang":"en","Page":1,"Path":"//Document/P[7]","Text":"Entrepreneurial Orientation. EO is significantly important not only for the survival and growth of firms but also for the economic prosperity of nations (Morris, 1998). Lumpkin & Dess (1996) define entrepreneurial orientations (EO) as the practices processes, and decision-making activities that lead to new entry. In other words, EO is different from entrepreneurship itself. Although entrepreneurship simply refers to new entry, a firm’s EO refers to the entrepreneurial process, namely how entrepreneurship is undertaken—the methods, practices, and decision-making styles used to act entrepreneurially (Sang & Suzanne, 2000). Miller (1983) adopted three dimensions of EO, \"innovativeness,\" \"risk taking,\" and \"proactiveness\" in order to characterize entrepreneurship. Later, Lumpkin & Dess (1996) suggested two more dimensions of EO, \"autonomy,\" and \"competitive aggressiveness.\" ","TextSize":12,"attributes":{"LineHeight":13.75,"SpaceAfter":18,"TextAlign":"Justify"}},{"Bounds":[192.56619262695312,402.69700622558594,422.58099365234375,416.5330047607422],"Font":{"alt_family_name":"Titlingmes","embedded":false,"encoding":"Custom","family_name":"Titlingmes","font_type":"Type1","italic":false,"monospaced":false,"name":"Times-Bold","subset":false,"weight":700},"HasClip":false,"Lang":"en","Page":1,"Path":"//Document/H1[5]","Text":"RESEARCH MODELAND HYPOTHESES ","TextSize":12,"attributes":{"LineHeight":14.375,"SpaceAfter":13.5,"TextAlign":"Center"}},{"Bounds":[72.09820556640625,306.31300354003906,543.2902069091797,388.72900390625],"Font":{"alt_family_name":"Titlingmes","embedded":false,"encoding":"Custom","family_name":"Titlingmes","font_type":"Type1","italic":false,"monospaced":false,"name":"Times-Roman","subset":false,"weight":400},"HasClip":false,"Lang":"en","Page":1,"Path":"//Document/P[8]","Text":"According to the similarity, this study classifies five metacognition dimensions into two categories: metacognitive awareness (metacognitive knowledge and metacognitive experience) and metacognitive skills (metacognitive control, goal orientation, and monitoring). Also, this study embraces the Miller's three EO dimensions (innovativeness, risk taking, and proactiveness) and builds up the following hypotheses to investigate the relationship among metacognition, EO and entrepreneurial task: ","TextSize":12,"attributes":{"LineHeight":13.875,"SpaceAfter":13.75,"TextAlign":"Justify"}},{"Bounds":[108.09820556640625,264.9129943847656,533.8701934814453,292.10499572753906],"Font":{"alt_family_name":"Titlingmes","embedded":false,"encoding":"Custom","family_name":"Titlingmes","font_type":"Type1","italic":false,"monospaced":false,"name":"Times-Roman","subset":false,"weight":400},"HasClip":false,"Lang":"en","Page":1,"Path":"//Document/P[9]","Text":"Hypothesis 1a.  The metacognitive awareness is positively related to the entrepreneurial innovativeness orientation. ","TextSize":12,"attributes":{"LineHeight":13.75}},{"Bounds":[108.09820556640625,237.31300354003906,533.8701934814453,264.5050048828125],"Font":{"alt_family_name":"Titlingmes","embedded":false,"encoding":"Custom","family_name":"Titlingmes","font_type":"Type1","italic":false,"monospaced":false,"name":"Times-Roman","subset":false,"weight":400},"HasClip":false,"Lang":"en","Page":1,"Path":"//Document/P[10]","Text":"Hypothesis 1b.  The metacognitive awareness is positively related to the entrepreneurial risk taking orientation. ","TextSize":12,"attributes":{"LineHeight":13.75}},{"Bounds":[108.09820556640625,209.71299743652344,533.1466064453125,236.90499877929688],"Font":{"alt_family_name":"Titlingmes","embedded":false,"encoding":"Custom","family_name":"Titlingmes","font_type":"Type1","italic":false,"monospaced":false,"name":"Times-Roman","subset":false,"weight":400},"HasClip":false,"Lang":"en","Page":1,"Path":"//Document/P[11]","Text":"Hypothesis 1c.  The metacognitive awareness is positively related to the entrepreneurial proactiveness orientation. ","TextSize":12,"attributes":{"LineHeight":13.75}},{"Bounds":[108.09820556640625,182.07699584960938,507.78460693359375,209.2689971923828],"Font":{"alt_family_name":"Titlingmes","embedded":false,"encoding":"Custom","family_name":"Titlingmes","font_type":"Type1","italic":false,"monospaced":false,"name":"Times-Roman","subset":false,"weight":400},"HasClip":false,"Lang":"en","Page":1,"Path":"//Document/P[12]","Text":"Hypothesis 2a.  The metacognitive skill positively influences to the entrepreneurial innovativeness orientation. ","TextSize":12,"attributes":{"LineHeight":13.75}},{"Bounds":[108.09820556640625,154.4770050048828,529.6101989746094,181.66900634765625],"Font":{"alt_family_name":"Titlingmes","embedded":false,"encoding":"Custom","family_name":"Titlingmes","font_type":"Type1","italic":false,"monospaced":false,"name":"Times-Roman","subset":false,"weight":400},"HasClip":false,"Lang":"en","Page":1,"Path":"//Document/P[13]","Text":"Hypothesis 2b.  The metacognitive skill positively influences to the entrepreneurial risk taking orientation. ","TextSize":12,"attributes":{"LineHeight":13.75}},{"Bounds":[108.09820556640625,126.87699890136719,507.0646057128906,154.06900024414062],"Font":{"alt_family_name":"Titlingmes","embedded":false,"encoding":"Custom","family_name":"Titlingmes","font_type":"Type1","italic":false,"monospaced":false,"name":"Times-Roman","subset":false,"weight":400},"HasClip":false,"Lang":"en","Page":1,"Path":"//Document/P[14]","Text":"Hypothesis 2c.  The metacognitive skill positively influences to the entrepreneurial proactiveness orientation. ","TextSize":12,"attributes":{"LineHeight":13.75}},{"Bounds":[108.09820556640625,99.27699279785156,541.4962005615234,126.468994140625],"Font":{"alt_family_name":"Titlingmes","embedded":false,"encoding":"Custom","family_name":"Titlingmes","font_type":"Type1","italic":false,"monospaced":false,"name":"Times-Roman","subset":false,"weight":400},"HasClip":false,"Lang":"en","Page":1,"Path":"//Document/P[15]","Text":"Hypothesis 3a. The metacognitive awareness positively impacts the entrepreneurial tasks. Hypothesis 3b. The metacognitive skill positively impacts the entrepreneurial tasks. ","TextSize":12,"attributes":{"LineHeight":13.75}},{"Bounds":[72,52.55999755859375,540.2400054931641,717.3600006103516],"Page":2,"Path":"//Document/Figure","attributes":{"BBox":[71.99709999999686,52.59009999999944,540.2179999999935,717.362999999983],"Placement":"Block"}},{"Bounds":[72.02510070800781,665.1609954833984,543.1318969726562,719.9770050048828],"Font":{"alt_family_name":"Titlingmes","embedded":false,"encoding":"Custom","family_name":"Titlingmes","font_type":"Type1","italic":false,"monospaced":false,"name":"Times-Roman","subset":false,"weight":400},"HasClip":false,"Lang":"en","Page":3,"Path":"//Document/P[16]","Text":"the types of firms will be generated. The assumptions of multivariate analysis will be tested. Moreover, reliability and validity tests will be conducted. The research model will be tested by a linear structural relations analysis (LISREL) (Kerlinger, 1986; Bobko, 1991; Joreskog & Sorborm, 1993). ","TextSize":12,"attributes":{"LineHeight":13.75,"SpaceAfter":18,"TextAlign":"Justify"}},{"Bounds":[265.3690948486328,623.52099609375,349.7290954589844,637.3569946289062],"Font":{"alt_family_name":"Titlingmes","embedded":false,"encoding":"Custom","family_name":"Titlingmes","font_type":"Type1","italic":false,"monospaced":false,"name":"Times-Bold","subset":false,"weight":700},"HasClip":false,"Lang":"en","Page":3,"Path":"//Document/H1[6]","Text":"CONCLUSION ","TextSize":12,"attributes":{"LineHeight":14.375,"SpaceAfter":11.625,"TextAlign":"Center"}},{"Bounds":[72.03709411621094,484.8970031738281,546.0012359619141,609.4329986572266],"Font":{"alt_family_name":"Titlingmes","embedded":false,"encoding":"Custom","family_name":"Titlingmes","font_type":"Type1","italic":false,"monospaced":false,"name":"Times-Roman","subset":false,"weight":400},"HasClip":false,"Lang":"en","Page":3,"Path":"//Document/P[17]","Text":"I expect this research will have several meaningful contributions to entrepreneurial research field as well as to strategic research field. First, regarding entrepreneurial metacognition, only a few empirical studies have been conducted so far. Second, there are also rare empirical research works which examine the relationship between entrepreneurial metacognitions and their orientations. Even more, there is no existent empirical research work that investigates how entrepreneurial metacognition impacts the entrepreneurial performances. Therefore, this research can help entrepreneurs as well as entrepreneurial firms, more systematically to understand how their metacognitive aspects influence their entrepreneurial tasks. ","TextSize":12,"attributes":{"LineHeight":15.875,"SpaceAfter":18,"TextAlign":"Justify"}},{"Bounds":[265.777099609375,417.5769958496094,349.3450927734375,431.4129943847656],"Font":{"alt_family_name":"Titlingmes","embedded":false,"encoding":"Custom","family_name":"Titlingmes","font_type":"Type1","italic":false,"monospaced":false,"name":"Times-Bold","subset":false,"weight":700},"HasClip":false,"Lang":"en","Page":3,"Path":"//Document/H1[7]","Text":"REFERENCES ","TextSize":12,"attributes":{"LineHeight":14.375,"SpaceAfter":18,"TextAlign":"Center"}},{"Bounds":[72.06109619140625,362.59300231933594,543.0238952636719,403.60899353027344],"Font":{"alt_family_name":"Titlingmes","embedded":false,"encoding":"Custom","family_name":"Titlingmes","font_type":"Type1","italic":false,"monospaced":false,"name":"Times-Roman","subset":false,"weight":400},"HasClip":false,"Lang":"en","Page":3,"Path":"//Document/P[18]","Text":"Bobko, P. (1991). Multivariate correlational analysis. In M. Dunnette & L. Hough (Eds.), Handbook of industrial and organizational psychology (2nd ed). Palo Alto, CA: consulting Psychologist Press. ","TextSize":12,"attributes":{"LineHeight":13.875,"SpaceAfter":13.75,"TextAlign":"Justify"}},{"Bounds":[72.06109619140625,320.1369934082031,540.0562133789062,348.38499450683594],"Font":{"alt_family_name":"Titlingmes","embedded":false,"encoding":"Custom","family_name":"Titlingmes","font_type":"Type1","italic":false,"monospaced":false,"name":"Times-Roman","subset":false,"weight":400},"HasClip":false,"Lang":"en","Page":3,"Path":"//Document/P[19]","Text":"Flavell, J. (1979). Metacognition and cognitive monitoring: A new area of cognitive-developmental inquiry. American Psychologist, 34, 906–911. ","TextSize":12,"attributes":{"LineHeight":13.75,"SpaceAfter":13.75}},{"Bounds":[72.06109619140625,265.9929962158203,543.0610961914062,306.98500061035156],"Font":{"alt_family_name":"Titlingmes","embedded":false,"encoding":"Custom","family_name":"Titlingmes","font_type":"Type1","italic":false,"monospaced":false,"name":"Times-Roman","subset":false,"weight":400},"HasClip":false,"Lang":"en","Page":3,"Path":"//Document/P[20]","Text":"Flavell, J. (1987). Speculations about the nature and development of metacognition. In F.E. Weinert & R.H. Kluwe (Eds.), Metacognition, motivation, and understanding (pp. 21–29). Hillside, NJ: Erlbaum. ","TextSize":12,"attributes":{"LineHeight":13.75,"SpaceAfter":13.75,"TextAlign":"Justify"}},{"Bounds":[72.07310485839844,209.73699951171875,543.1331024169922,251.78500366210938],"Font":{"alt_family_name":"Titlingmes","embedded":false,"encoding":"Custom","family_name":"Titlingmes","font_type":"Type1","italic":false,"monospaced":false,"name":"Times-Roman","subset":false,"weight":400},"HasClip":false,"Lang":"en","Page":3,"Path":"//Document/P[21]","Text":"Griffin, D., & Ross, L. (1991). Subjective construal, social inference, and human misunderstanding. In M. Zanna (Eds.), Advances in experimental social psychology (Vol. 24, pp. 319–356). NY: Academic Press. ","TextSize":12,"attributes":{"LineHeight":13.75,"SpaceAfter":13.75,"TextAlign":"Justify"}},{"Bounds":[72.08509826660156,169.35699462890625,543.0371856689453,196.5489959716797],"Font":{"alt_family_name":"Titlingmes","embedded":false,"encoding":"Custom","family_name":"Titlingmes","font_type":"Type1","italic":false,"monospaced":false,"name":"Times-Roman","subset":false,"weight":400},"HasClip":false,"Lang":"en","Page":3,"Path":"//Document/P[22]","Text":"Haynie, M., & Shepherd, D. A. (2009). A measure of adaptive cognition for entrepreneurship research, Entrepreneurship theory and practice, 33: 695-714.   ","TextSize":12,"attributes":{"LineHeight":13.75,"SpaceAfter":13.75}},{"Bounds":[72.08509826660156,127.95700073242188,542.9387054443359,155.1490020751953],"Font":{"alt_family_name":"Titlingmes","embedded":false,"encoding":"Custom","family_name":"Titlingmes","font_type":"Type1","italic":false,"monospaced":false,"name":"Times-Roman","subset":false,"weight":400},"HasClip":false,"Lang":"en","Page":3,"Path":"//Document/P[23]","Text":"Haynie, M., Shepherd, D. A., Mosakowski, E., & Earley, P. C. (2010). A situated metacognitive model of the entrepreneurial mindset, Journal of Business Venturing, 25, 217-229. ","TextSize":12,"attributes":{"LineHeight":13.75,"SpaceAfter":13.75}},{"Bounds":[72.08509826660156,86.5570068359375,542.8439025878906,113.74899291992188],"Font":{"alt_family_name":"Titlingmes","embedded":false,"encoding":"Custom","family_name":"Titlingmes","font_type":"Type1","italic":false,"monospaced":false,"name":"Times-Roman","subset":false,"weight":400},"HasClip":false,"Lang":"en","Page":3,"Path":"//Document/P[24]","Text":"Joreskog, K. G., & Sorbom, D. (1993). LISREL 8: Structural Equation Modeling with the SIMPLIS Command Language. Hillsdale NJ: Lawrence Erlbaum Associates Publishers. ","TextSize":12,"attributes":{"LineHeight":13.75}},{"Bounds":[72.02510070800781,691.7050018310547,543.12109375,719.9770050048828],"Font":{"alt_family_name":"Titlingmes","embedded":false,"encoding":"Custom","family_name":"Titlingmes","font_type":"Type1","italic":false,"monospaced":false,"name":"Times-Roman","subset":false,"weight":400},"HasClip":false,"Lang":"en","Page":4,"Path":"//Document/P[25]","Text":"Lumpkin, G. T., & Dess, G. G. (1996). Clarifying the entrepreneurial orientation construct and linking it to performance. Academy of Management Review, 21: 135–172. ","TextSize":12,"attributes":{"LineHeight":13.75,"SpaceAfter":13.75}},{"Bounds":[72.04910278320312,651.3609924316406,543.0670928955078,678.5529937744141],"Font":{"alt_family_name":"Titlingmes","embedded":false,"encoding":"Custom","family_name":"Titlingmes","font_type":"Type1","italic":false,"monospaced":false,"name":"Times-Roman","subset":false,"weight":400},"HasClip":false,"Lang":"en","Page":4,"Path":"//Document/P[26]","Text":"Lee, S. M., & Peterson, S. J. (2000). Culture, entrepreneurial orientation, and global competitiveness, Journal of World Business, 35(4), 401-416. ","TextSize":12,"attributes":{"LineHeight":13.75,"SpaceAfter":18}},{"Bounds":[72.04910278320312,609.9609985351562,546.0010986328125,637.1529998779297],"Font":{"alt_family_name":"Titlingmes","embedded":false,"encoding":"Custom","family_name":"Titlingmes","font_type":"Type1","italic":false,"monospaced":false,"name":"Times-Roman","subset":false,"weight":400},"HasClip":false,"Lang":"en","Page":4,"Path":"//Document/P[27]","Text":"Morris, M. H. (1998). Entrepreneurial intensity intensity: Sustainable advantages for individuals, organizations, and societies. Westport, CT: Quorum Books. ","TextSize":12,"attributes":{"LineHeight":13.75,"SpaceAfter":13.25}},{"Bounds":[72.06109619140625,581.3049926757812,515.0567016601562,597.0489959716797],"Font":{"alt_family_name":"Titlingmes","embedded":false,"encoding":"Custom","family_name":"Titlingmes","font_type":"Type1","italic":false,"monospaced":false,"name":"Times-Roman","subset":false,"weight":400},"HasClip":false,"Lang":"en","Page":4,"Path":"//Document/P[28]","Text":"Nelson, T. (1996). Consciousness and metacognition. American Psychologist, 51, 102–129. ","TextSize":12,"attributes":{"LineHeight":14.375,"SpaceAfter":13.75}},{"Bounds":[72.06109619140625,540.9609985351562,543.0359039306641,568.1529998779297],"Font":{"alt_family_name":"Titlingmes","embedded":false,"encoding":"Custom","family_name":"Titlingmes","font_type":"Type1","italic":false,"monospaced":false,"name":"Times-Roman","subset":false,"weight":400},"HasClip":false,"Lang":"en","Page":4,"Path":"//Document/P[29]","Text":"Kerlinger, F. N. (1986). Foundations of behavioral research (3rd ed). Ft Worth, TX: Holt, Rinehart and Winston, Inc. ","TextSize":12,"attributes":{"LineHeight":13.75}}],"pages":[{"boxes":{"CropBox":[0,0,612,792],"MediaBox":[0,0,612,792]},"height":792,"page_number":0,"rotation":0,"width":612},{"boxes":{"CropBox":[0,0,612,792],"MediaBox":[0,0,612,792]},"height":792,"page_number":1,"rotation":0,"width":612},{"boxes":{"CropBox":[0,0,612,792],"MediaBox":[0,0,612,792]},"height":792,"page_number":2,"rotation":0,"width":612},{"boxes":{"CropBox":[0,0,612,792],"MediaBox":[0,0,612,792]},"height":792,"page_number":3,"rotation":0,"width":612},{"boxes":{"CropBox":[0,0,612,792],"MediaBox":[0,0,612,792]},"height":792,"page_number":4,"rotation":0,"width":612}]}